user_id,stimulus,label,edge_index,node_features,system_label
A01,nq_5p_a0_LTcw,"[0, 1, 0, 0, 1]","[[1, 0], [0, 1], [1, 2], [2, 2], [2, 3], [3, 3], [3, 3], [3, 4], [4, 4], [4, 4]]","[[21, 4.8446122816909964], [9, 2.060767910868557], [27, 6.4353804935895305], [18, 3.940766706748658], [57, 12.894863535844227]]","[1, 0, 0, 0, 0]"
A01,nq_5p_a0_LTIz,"[1, 0, 0, 0, 0]","[[0, 0], [0, 1], [1, 2], [2, 2], [2, 3], [3, 4], [4, 3], [3, 3], [3, 4], [4, 3]]","[[53, 12.027624229260057], [3, 0.8797761209779367], [48, 10.894761826904904], [7, 1.8680177911175413], [7, 1.9041729741714377]]","[1, 0, 0, 0, 0]"
A01,nq_5p_a2_MTgz,"[0, 1, 1, 1, 0]","[[1, 0], [0, 1], [1, 1], [1, 2], [2, 3], [3, 3], [3, 4], [4, 3]]","[[19, 4.049431465064375], [35, 9.376362142321675], [26, 5.664383299346003], [30, 6.785208079854872], [27, 6.050043438875953]]","[0, 0, 1, 0, 0]"
A01,nq_5p_a3_LTYx,"[1, 0, 0, 1, 0]","[[0, 0], [0, 0], [0, 1], [1, 2], [2, 2], [2, 3], [3, 2], [2, 3], [3, 3], [3, 4], [4, 4]]","[[79, 18.87244543368615], [31, 7.206719265226258], [26, 5.796708974203739], [20, 5.7967089742037246], [13, 2.7356609919838704]]","[0, 0, 0, 1, 0]"
A01,nq_5p_a4_LTI3,"[0, 0, 0, 0, 1]","[[0, 0], [0, 1], [1, 1], [1, 1], [1, 2], [2, 1], [1, 2], [2, 3], [3, 3], [3, 3], [3, 4], [4, 4], [4, 3]]","[[119, 27.860390460765277], [37, 8.073729069512403], [3, 0.6627688042137052], [26, 6.013120605502522], [18, 4.217619663178127]]","[0, 0, 0, 0, 1]"
A01,nq_6p_a1_LTEy,"[1, 1, 1, 0, 0, 0]","[[1, 0], [0, 1], [1, 1], [1, 2], [2, 2], [2, 1], [1, 2], [2, 3], [3, 3], [3, 3], [3, 4], [4, 4], [4, 5], [5, 5]]","[[23, 5.423182603636606], [42, 9.014534638933748], [34, 7.688867780266996], [44, 9.882243855515583], [23, 4.62778248843658], [3, 0.4700091589818456]]","[0, 1, 0, 0, 0, 0]"
A01,nq_6p_a3_MzA5,"[1, 0, 0, 1, 0, 0]","[[0, 1], [1, 1], [1, 1], [1, 2], [2, 1], [1, 2], [2, 1], [1, 0], [0, 2], [2, 0], [0, 2], [2, 2], [2, 3], [3, 3], [3, 3], [3, 4], [4, 3], [3, 4], [4, 4], [4, 5], [5, 5], [5, 5]]","[[22, 4.518781738034141], [18, 3.675275813601103], [44, 9.085763814607295], [27, 6.627546549116751], [23, 5.482788508814743], [28, 5.976841978839822]]","[0, 0, 0, 1, 0, 0]"
A01,nq_6p_a4_ODQz,"[0, 0, 0, 0, 1, 0]","[[0, 0], [0, 0], [0, 1], [1, 1], [1, 1], [1, 1], [1, 2], [2, 1], [1, 2], [2, 3], [3, 4], [4, 4], [4, 5], [5, 5], [5, 5]]","[[67, 15.954967572380246], [50, 11.339595532937917], [42, 9.459705093896169], [11, 2.6149758030260557], [61, 13.822014958852094], [34, 8.387203497263314]]","[0, 0, 0, 0, 1, 0]"
A01,nq_6p_a5_LTkw,"[0, 0, 0, 0, 0, 1]","[[1, 0], [0, 1], [1, 1], [1, 1], [1, 2], [2, 3], [3, 4], [4, 4], [4, 5]]","[[44, 10.449778424986494], [22, 5.242968413920546], [5, 1.1691216922995231], [8, 1.6150753275065597], [10, 2.1453985693743896], [39, 7.725845409938092]]","[0, 0, 0, 0, 0, 1]"
A01,nq_7p_a1_Mzgy,"[1, 1, 0, 0, 0, 0, 0]","[[0, 0], [0, 1], [1, 2], [2, 2], [2, 2], [2, 2], [2, 3], [3, 3], [3, 3], [3, 4], [4, 4], [4, 3], [3, 4], [4, 5], [5, 4], [4, 5], [5, 6], [6, 5], [5, 6], [6, 6], [6, 6], [6, 6], [6, 6]]","[[23, 4.699329109567482], [49, 11.78447145937692], [45, 9.868591130091716], [59, 12.796634652206826], [28, 5.759690549675021], [31, 7.277935338919853], [44, 10.326474479229077]]","[0, 1, 0, 0, 0, 0, 0]"
A01,nq_7p_a2_LTYz,"[0, 0, 1, 0, 0, 0, 0]","[[0, 0], [0, 1], [1, 1], [1, 2], [2, 1], [1, 2], [2, 3], [3, 4], [4, 4], [4, 5], [5, 5], [5, 6], [6, 6], [6, 6]]","[[52, 12.242368764891834], [82, 20.966261467432894], [59, 13.905210191619304], [13, 3.2172366734509055], [14, 2.807551104547045], [7, 1.5543952467234448], [11, 2.229171477859225]]","[0, 0, 1, 0, 0, 0, 0]"
A01,nq_7p_a5_NTE0,"[0, 0, 0, 0, 0, 1, 0]","[[0, 0], [0, 1], [1, 2], [2, 1], [1, 2], [2, 1], [1, 0], [0, 2], [2, 2], [2, 3], [3, 3], [3, 3], [3, 3], [3, 4], [4, 3], [3, 4], [4, 5], [5, 4], [4, 5], [5, 5], [5, 6], [6, 6]]","[[56, 12.470629069447906], [36, 7.132958849384693], [57, 12.807998744756613], [58, 12.85619441265787], [41, 10.024698923459503], [58, 15.51900506420182], [37, 8.940296395681429]]","[0, 0, 0, 0, 0, 1, 0]"
A03,nq_5p_a0_LTcw,"[0, 1, 0, 0, 1]","[[0, 0], [0, 0], [0, 0], [0, 1], [1, 2], [2, 2], [2, 3], [3, 4], [4, 3], [3, 3], [3, 4]]","[[56, 12.977549941680492], [59, 14.941654528954306], [85, 20.556824698706507], [39, 8.977042438766901], [50, 10.748351483731597]]","[1, 0, 0, 0, 0]"
A03,nq_5p_a0_LTIz,"[1, 0, 0, 0, 0]","[[1, 0], [0, 0], [0, 0], [0, 0], [0, 1], [1, 2], [2, 1], [1, 2], [2, 2], [2, 2], [2, 2], [2, 2], [2, 3], [3, 4], [4, 3], [3, 4], [4, 3], [3, 4], [4, 4]]","[[88, 22.014295726169365], [34, 7.289900883597413], [84, 20.66476035598278], [34, 7.62728472614404], [10, 2.120698438864679]]","[1, 0, 0, 0, 0]"
A03,nq_5p_a2_MTgz,"[0, 0, 0, 1, 0]","[[0, 0], [0, 0], [0, 1], [1, 2], [2, 1], [1, 2], [2, 3], [3, 2], [2, 3], [3, 3], [3, 4]]","[[34, 8.602872370117831], [122, 36.23086444950183], [46, 11.036738222728218], [98, 32.47162610289571], [31, 7.494379011503199]]","[0, 0, 1, 0, 0]"
A03,nq_5p_a3_LTYx,"[1, 0, 0, 1, 0]","[[0, 1], [1, 0], [0, 1], [1, 2], [2, 1], [1, 2], [2, 1], [1, 2], [2, 3], [3, 2], [2, 3], [3, 2], [2, 3], [3, 2], [2, 3], [3, 4]]","[[109, 30.894021412336894], [71, 20.025687826561565], [111, 29.74935213223857], [101, 27.640750826794388], [55, 14.74815998779252]]","[0, 0, 0, 1, 0]"
A03,nq_5p_a4_LTI3,"[0, 0, 0, 1, 0]","[[0, 0], [0, 0], [0, 0], [0, 0], [0, 1], [1, 0], [0, 1], [1, 2], [2, 1], [1, 2], [2, 2], [2, 3], [3, 4], [4, 4], [4, 3], [3, 4], [4, 3], [3, 4], [4, 4], [4, 3], [3, 3]]","[[139, 35.61754495705221], [46, 10.422590117675995], [17, 4.952236460537357], [65, 14.37473989640155], [58, 12.59145280112297]]","[0, 0, 0, 0, 1]"
A03,nq_6p_a1_LTEy,"[0, 1, 0, 0, 0, 0]","[[1, 0], [0, 0], [0, 0], [0, 0], [0, 1], [1, 0], [0, 0], [0, 1], [1, 1], [1, 2], [2, 3], [3, 3], [3, 4], [4, 3], [3, 4], [4, 3], [3, 4], [4, 4], [4, 4], [4, 5]]","[[25, 5.422177211145097], [78, 17.555804881418688], [108, 27.797695169137214], [43, 11.760099906839173], [43, 10.10934817811274], [10, 1.9519837960122288]]","[0, 1, 0, 0, 0, 0]"
A03,nq_6p_a3_MzA5,"[1, 0, 0, 0, 0, 0]","[[1, 0], [0, 0], [0, 0], [0, 0], [0, 1], [1, 0], [0, 1], [1, 2], [2, 1], [1, 1], [1, 2], [2, 3], [3, 2], [2, 2], [2, 3], [3, 4], [4, 4], [4, 3], [3, 4], [4, 3], [3, 4], [4, 4], [4, 4], [4, 4], [4, 5]]","[[28, 7.265775251637477], [37, 8.506861239893968], [51, 12.675946210153633], [79, 18.736783609114966], [99, 24.78557162954955], [26, 6.5066644044514845]]","[0, 0, 0, 1, 0, 0]"
A03,nq_6p_a4_ODQz,"[1, 0, 0, 0, 1, 1]","[[0, 0], [0, 0], [0, 1], [1, 0], [0, 1], [1, 2], [2, 1], [1, 2], [2, 2], [2, 1], [1, 2], [2, 2], [2, 2], [2, 3], [3, 2], [2, 3], [3, 4], [4, 3], [3, 4], [4, 5], [5, 4], [4, 5], [5, 5]]","[[119, 34.48627565732996], [49, 11.001387028351608], [74, 18.66500384109159], [36, 9.724117559561549], [68, 15.580277576844054], [33, 7.229827181830274]]","[0, 0, 0, 0, 1, 0]"
A03,nq_6p_a5_LTkw,"[0, 0, 0, 0, 0, 1]","[[1, 0], [0, 0], [0, 0], [0, 1], [1, 1], [1, 1], [1, 2], [2, 2], [2, 3], [3, 4], [4, 4], [4, 4], [4, 4], [4, 4], [4, 5], [5, 5]]","[[65, 15.953227818490245], [71, 19.568007535670773], [51, 12.965009918954316], [37, 10.157531005277335], [126, 29.014631863236033], [20, 4.663065835162911]]","[0, 0, 0, 0, 0, 1]"
A03,nq_7p_a1_Mzgy,"[0, 1, 1, 0, 0, 0, 0]","[[1, 0], [0, 0], [0, 0], [0, 0], [0, 1], [1, 2], [2, 2], [2, 3], [3, 4], [4, 3], [3, 4], [4, 5], [5, 4], [4, 5], [5, 5], [5, 4], [4, 5], [5, 5], [5, 6], [6, 6], [6, 6], [6, 6]]","[[21, 4.699338243043465], [57, 12.905105790511668], [77, 15.821105418246301], [66, 14.54384938295761], [15, 3.0485450653589794], [60, 15.809055833007733], [26, 5.892247181662185]]","[0, 1, 0, 0, 0, 0, 0]"
A03,nq_7p_a2_LTYz,"[0, 0, 1, 0, 0, 0, 0]","[[0, 0], [0, 1], [1, 0], [0, 0], [0, 1], [1, 2], [2, 1], [1, 1], [1, 2], [2, 1], [1, 2], [2, 1], [1, 2], [2, 1], [1, 2], [2, 3], [3, 2], [2, 3], [3, 4], [4, 4], [4, 5], [5, 4], [4, 5], [5, 6], [6, 5], [5, 6]]","[[55, 14.844439284680918], [61, 16.001148839331364], [85, 23.53181000242028], [65, 17.627771650558614], [38, 9.410314189395933], [46, 13.217816473453624], [61, 15.025175152594997]]","[0, 0, 1, 0, 0, 0, 0]"
A03,nq_7p_a5_NTE0,"[1, 0, 0, 0, 0, 1, 0]","[[0, 0], [0, 0], [0, 1], [1, 1], [1, 2], [2, 3], [3, 3], [3, 4], [4, 4], [4, 5], [5, 4], [4, 5], [5, 5], [5, 5], [5, 5], [5, 6], [6, 6]]","[[54, 13.821018119749988], [39, 11.049584669407789], [49, 12.013561521700709], [106, 24.533210890855216], [39, 10.796540745680844], [85, 20.243513898151704], [43, 10.603745375222331]]","[0, 0, 0, 0, 0, 1, 0]"
A04,nq_5p_a0_LTcw,"[1, 1, 0, 0, 1]","[[0, 1], [1, 1], [1, 1], [1, 1], [1, 0], [0, 1], [1, 2], [2, 1], [1, 2], [2, 2], [2, 3], [3, 2], [2, 3], [3, 3], [3, 3], [3, 4], [4, 4], [4, 4], [4, 3]]","[[64, 14.774648105915292], [57, 12.713910074829222], [49, 11.448544617144776], [25, 6.7727179735109075], [19, 4.567366747260948]]","[1, 0, 0, 0, 0]"
A04,nq_5p_a0_LTIz,"[1, 0, 0, 0, 0]","[[0, 1], [1, 1], [1, 0], [0, 1], [1, 2], [2, 1], [1, 1], [1, 2], [2, 3], [3, 3], [3, 3], [3, 4], [4, 3], [3, 4], [4, 4]]","[[75, 18.931413583585545], [42, 10.06220900209669], [42, 10.122461750612267], [27, 6.880863880475751], [44, 10.267068347049587]]","[1, 0, 0, 0, 0]"
A04,nq_5p_a2_MTgz,"[0, 0, 0, 1, 0]","[[1, 0], [0, 1], [1, 0], [0, 1], [1, 3], [3, 4]]","[[39, 8.752498977927756], [19, 4.605309379570794], [0, 0], [1, 0.20494832317461587], [2, 0.3134503766200041]]","[0, 0, 1, 0, 0]"
A04,nq_5p_a3_LTYx,"[0, 0, 0, 1, 0]","[[0, 1], [1, 1], [1, 1], [1, 1], [1, 2], [2, 3], [3, 4], [4, 2]]","[[72, 16.399934119841774], [36, 7.62759610423204], [41, 9.374833758440026], [66, 14.230949445652584], [5, 0.98809301824177]]","[0, 0, 0, 1, 0]"
A04,nq_5p_a4_LTI3,"[0, 0, 0, 0, 1]","[[0, 1], [1, 0], [0, 1], [1, 2], [2, 2], [2, 1], [1, 0], [0, 1], [1, 3], [3, 4], [4, 4], [4, 4]]","[[81, 17.811695246545845], [41, 8.845591550043743], [14, 3.2779303836674387], [35, 9.32764013587719], [39, 8.230979603106071]]","[0, 0, 0, 0, 1]"
A04,nq_6p_a1_LTEy,"[0, 1, 1, 0, 0, 0]","[[0, 1], [1, 2], [2, 1], [1, 2], [2, 1], [1, 2], [2, 3], [3, 4], [4, 4], [4, 5], [5, 4], [4, 5]]","[[11, 2.422142259267904], [57, 11.134624117231564], [70, 15.21972971868341], [17, 4.494821207497182], [13, 2.6390505212919066], [15, 3.7958945854198376]]","[0, 1, 0, 0, 0, 0]"
A04,nq_6p_a3_MzA5,"[0, 0, 0, 1, 0, 0]","[[1, 0], [0, 1], [1, 0], [0, 1], [1, 1], [1, 2], [2, 2], [2, 3], [3, 2], [2, 3], [3, 3], [3, 4], [4, 4], [4, 5], [5, 4], [4, 5], [5, 5]]","[[30, 7.627798827651267], [45, 11.917682528510436], [42, 9.881192794113787], [71, 18.13560384773328], [67, 15.038693423236651], [28, 7.0373373070274425]]","[0, 0, 0, 1, 0, 0]"
A04,nq_6p_a4_ODQz,"[0, 0, 0, 0, 1, 0]","[[0, 1], [1, 2], [2, 2], [2, 3], [3, 3], [3, 4], [4, 4], [4, 5], [5, 5], [5, 5]]","[[94, 21.64290377120706], [14, 4.109259569032062], [31, 6.121712202546313], [20, 4.711790297629172], [53, 10.917856802179095], [37, 8.580037575222406]]","[0, 0, 0, 0, 1, 0]"
A04,nq_6p_a5_LTkw,"[0, 0, 0, 0, 0, 1]","[[1, 0], [0, 1], [1, 2], [2, 3], [3, 2], [2, 3], [3, 3], [3, 4], [4, 2], [2, 3], [3, 4], [4, 5], [5, 4], [4, 5]]","[[36, 7.507193893378653], [40, 7.868696007024491], [38, 8.37479896612868], [14, 3.9885733205591194], [26, 6.193736213798751], [29, 5.880434381972329]]","[0, 0, 0, 0, 0, 1]"
A04,nq_7p_a1_Mzgy,"[0, 1, 0, 0, 0, 0, 0]","[[1, 0], [0, 1], [1, 2], [2, 2], [2, 3], [3, 3], [3, 3], [3, 4], [4, 5], [5, 5], [5, 6], [6, 5], [5, 6]]","[[40, 10.061004672168162], [40, 8.422326066880887], [27, 5.771522440680883], [56, 12.98893776837997], [18, 3.903910794949077], [74, 18.302594128171847], [17, 3.8557143653818287]]","[0, 1, 0, 0, 0, 0, 0]"
A04,nq_7p_a2_LTYz,"[0, 0, 1, 0, 0, 0, 0]","[[1, 0], [0, 1], [1, 0], [0, 0], [0, 1], [1, 0], [0, 1], [1, 2], [2, 2], [2, 3], [3, 3], [3, 2], [2, 1], [1, 2], [2, 3], [3, 4], [4, 3], [3, 4], [4, 4], [4, 5], [5, 5], [5, 6], [6, 6]]","[[41, 9.05081673737656], [33, 9.207488664921032], [30, 6.724841197677922], [25, 6.266877101778711], [20, 5.47146577732218], [5, 1.4100473479002034], [8, 2.639319394787563]]","[0, 0, 1, 0, 0, 0, 0]"
A04,nq_7p_a5_NTE0,"[0, 0, 0, 0, 0, 1, 0]","[[0, 1], [1, 1], [1, 0], [0, 1], [1, 0], [0, 1], [1, 2], [2, 1], [1, 2], [2, 3], [3, 2], [2, 3], [3, 2], [2, 3], [3, 4], [4, 3], [3, 4], [4, 3], [3, 4], [4, 4], [4, 5], [5, 5], [5, 5], [5, 6], [6, 5], [5, 6], [6, 5], [5, 6]]","[[46, 10.736063438672396], [30, 6.362111667361425], [79, 19.242977902985203], [93, 23.074704248100645], [51, 13.989415995845889], [79, 18.833296469859675], [61, 13.65203128621306]]","[0, 0, 0, 0, 0, 1, 0]"
A06,nq_5p_a0_LTcw,"[1, 1, 0, 0, 1]","[[0, 0], [0, 0], [0, 1], [1, 0], [0, 1], [1, 1], [1, 1], [1, 2], [2, 2], [2, 3], [3, 3], [3, 3], [3, 4], [4, 3], [3, 4], [4, 4], [4, 4]]","[[60, 18.50817230379352], [18, 5.542812018063149], [62, 19.89387530830936], [64, 19.231147784410346], [15, 4.229406561609025]]","[1, 0, 0, 0, 0]"
A06,nq_5p_a0_LTIz,"[1, 0, 0, 0, 0]","[[0, 0], [0, 0], [0, 1], [1, 2], [2, 3], [3, 3], [3, 3], [3, 2], [2, 3], [3, 3], [3, 3], [3, 4], [4, 4], [4, 4]]","[[30, 7.545116140872616], [3, 0.5664863556246242], [43, 11.052510385271882], [12, 3.5676587503167596], [12, 2.4828976438015182]]","[1, 0, 0, 0, 0]"
A06,nq_5p_a2_MTgz,"[0, 1, 1, 1, 0]","[[1, 0], [0, 0], [0, 0], [0, 0], [0, 0], [0, 1], [1, 2], [2, 2], [2, 2], [2, 2], [2, 3], [3, 2], [2, 1], [1, 2], [2, 1], [1, 2], [2, 3], [3, 1], [1, 2], [2, 2], [2, 2], [2, 3], [3, 2], [2, 3], [3, 4], [4, 3], [3, 4], [4, 4], [4, 4]]","[[47, 13.580554881486215], [83, 23.606306133834515], [38, 10.893364341493836], [92, 27.040607945035553], [15, 4.530868354426659]]","[0, 0, 1, 0, 0]"
A06,nq_5p_a3_LTYx,"[1, 0, 0, 1, 0]","[[0, 0], [0, 0], [0, 1], [1, 0], [0, 1], [1, 0], [0, 1], [1, 1], [1, 2], [2, 1], [1, 2], [2, 2], [2, 2], [2, 3], [3, 3], [3, 0], [0, 1], [1, 0], [0, 2], [2, 3], [3, 4], [4, 4], [4, 3], [3, 4], [4, 4], [4, 3]]","[[94, 26.185941383041392], [35, 8.435416000059348], [50, 13.171299554378415], [57, 14.930686320104996], [7, 1.9160444914420793]]","[0, 0, 0, 1, 0]"
A06,nq_5p_a4_LTI3,"[0, 0, 0, 1, 1]","[[0, 0], [0, 0], [0, 0], [0, 1], [1, 0], [0, 1], [1, 0], [0, 1], [1, 1], [1, 1], [1, 2], [2, 2], [2, 3], [3, 2], [2, 3], [3, 4], [4, 4], [4, 4], [4, 4], [4, 3], [3, 3], [3, 3], [3, 4], [4, 4], [4, 4]]","[[85, 23.099483098972826], [17, 5.265766361111712], [12, 3.325747175438984], [98, 25.738391183831965], [38, 10.591781765256691]]","[0, 0, 0, 0, 1]"
A06,nq_6p_a1_LTEy,"[0, 1, 1, 0, 0, 0]","[[0, 1], [1, 1], [1, 2], [2, 1], [1, 2], [2, 2], [2, 3], [3, 3], [3, 3], [3, 4], [4, 4], [4, 4], [4, 5], [5, 5]]","[[25, 6.771930627341806], [42, 11.736406460909123], [67, 23.930701469574416], [22, 5.350066189572544], [31, 9.07342306474807], [25, 6.193545093333995]]","[0, 1, 0, 0, 0, 0]"
A06,nq_6p_a3_MzA5,"[1, 0, 0, 1, 0, 1]","[[1, 0], [0, 0], [0, 0], [0, 0], [0, 1], [1, 2], [2, 2], [2, 1], [1, 0], [0, 2], [2, 3], [3, 3], [3, 3], [3, 3], [3, 2], [2, 1], [1, 2], [2, 3], [3, 4], [4, 4], [4, 4], [4, 5], [5, 4], [4, 4]]","[[27, 9.146459791056339], [19, 5.507156949292149], [40, 11.086617928553132], [45, 12.460394497960792], [25, 6.435058667225427], [36, 9.84539874742162]]","[0, 0, 0, 1, 0, 0]"
A06,nq_6p_a4_ODQz,"[0, 0, 0, 0, 1, 0]","[[0, 0], [0, 1], [1, 2], [2, 2], [2, 1], [1, 2], [2, 2], [2, 2], [2, 2], [2, 2], [2, 3], [3, 3], [3, 3], [3, 4], [4, 3], [3, 4], [4, 4], [4, 5], [5, 5], [5, 5]]","[[134, 39.25496645629325], [67, 22.12158330686139], [33, 11.362011469700633], [22, 7.397958687588712], [34, 10.108937034017828], [45, 14.15733136468532]]","[0, 0, 0, 0, 1, 0]"
A06,nq_6p_a5_LTkw,"[0, 0, 0, 0, 0, 1]","[[1, 0], [0, 0], [0, 0], [0, 0], [0, 1], [1, 1], [1, 1], [1, 1], [1, 2], [2, 2], [2, 2], [2, 2], [2, 3], [3, 3], [3, 3], [3, 4], [4, 4], [4, 5], [5, 5]]","[[58, 16.012881763290068], [69, 21.145679077933817], [39, 12.964530306471133], [29, 7.096754972594368], [106, 28.844875049899514], [37, 10.048715869513885]]","[0, 0, 0, 0, 0, 1]"
A06,nq_7p_a1_Mzgy,"[0, 1, 0, 1, 0, 0, 0]","[[0, 1], [1, 1], [1, 1], [1, 2], [2, 2], [2, 2], [2, 2], [2, 2], [2, 3], [3, 3], [3, 3], [3, 4], [4, 4], [4, 4], [4, 5], [5, 5], [5, 6], [6, 6], [6, 6], [6, 5], [5, 3], [3, 1], [1, 0], [0, 0], [0, 1], [1, 1], [1, 0], [0, 1], [1, 2], [2, 2], [2, 1], [1, 5]]","[[49, 13.519390117627529], [98, 31.88262589237295], [65, 18.86930920160848], [17, 4.6751545148302185], [11, 3.084638030403454], [19, 5.687301368556348], [30, 9.398506498885368]]","[0, 1, 0, 0, 0, 0, 0]"
A06,nq_7p_a2_LTYz,"[0, 0, 1, 0, 0, 0, 0]","[[1, 0], [0, 0], [0, 0], [0, 0], [0, 1], [1, 1], [1, 1], [1, 2], [2, 2], [2, 2], [2, 3], [3, 3], [3, 4], [4, 4], [4, 5], [5, 4], [4, 5], [5, 5], [5, 5], [5, 6], [6, 6], [6, 6], [6, 6]]","[[61, 19.4589906422028], [63, 17.30223564223108], [59, 19.48308846343153], [42, 11.265731424433199], [19, 4.108678519499151], [17, 4.674977318374445], [18, 4.205069804414066]]","[0, 0, 1, 0, 0, 0, 0]"
A06,nq_7p_a5_NTE0,"[0, 0, 0, 0, 0, 1, 0]","[[1, 0], [0, 0], [0, 0], [0, 0], [0, 1], [1, 2], [2, 1], [1, 2], [2, 3], [3, 2], [2, 3], [3, 4], [4, 3], [3, 4], [4, 4], [4, 5], [5, 5], [5, 5], [5, 6], [6, 6], [6, 6], [6, 6]]","[[50, 17.00193039556314], [20, 4.373990597866344], [53, 14.893257242321802], [66, 19.074454866177547], [31, 8.97692285237035], [71, 22.243489376477328], [36, 11.169942931741275]]","[0, 0, 0, 0, 0, 1, 0]"
A07,nq_5p_a0_LTcw,"[1, 1, 0, 0, 1]","[[0, 1], [1, 2], [2, 2], [2, 3], [3, 4], [4, 4], [4, 4], [4, 4], [4, 4]]","[[38, 8.32687230266039], [24, 5.350407094618253], [24, 6.049334147518827], [8, 2.313689554429512], [21, 4.723782840293591]]","[1, 0, 0, 0, 0]"
A07,nq_5p_a0_LTIz,"[1, 0, 0, 0, 0]","[[1, 0], [0, 1], [1, 2], [2, 3], [3, 3], [3, 4]]","[[42, 8.595146374089909], [10, 3.1222200713734685], [15, 3.387427953883961], [10, 2.989616130118229], [11, 3.351263242632534]]","[1, 0, 0, 0, 0]"
A07,nq_5p_a2_MTgz,"[0, 1, 1, 0, 0]","[[0, 1], [1, 2], [2, 3], [3, 4], [4, 4]]","[[16, 3.9893009578154905], [64, 15.43895627480859], [11, 3.0371717261918576], [18, 4.688332545589809], [16, 4.013405495324953]]","[0, 0, 1, 0, 0]"
A07,nq_5p_a3_LTYx,"[1, 0, 0, 1, 0]","[[0, 1], [1, 0], [0, 1], [1, 2], [2, 2], [2, 3], [3, 4]]","[[52, 12.291613786527419], [23, 5.278163567155893], [52, 12.303664388278914], [36, 8.43542122604822], [12, 3.03675164137735]]","[0, 0, 0, 1, 0]"
A07,nq_5p_a4_LTI3,"[0, 0, 0, 0, 1]","[[0, 0], [0, 1], [1, 1], [1, 2], [2, 2], [2, 2], [2, 3], [3, 4], [4, 4]]","[[49, 12.809423597855949], [17, 4.530896775911415], [6, 1.3014277973362631], [26, 6.278184096409166], [26, 5.8684753453959075]]","[0, 0, 0, 0, 1]"
A07,nq_6p_a1_LTEy,"[0, 1, 1, 0, 0, 0]","[[1, 2], [2, 1], [1, 1], [1, 2], [2, 2], [2, 3], [3, 3], [3, 4], [4, 5]]","[[0, 0], [62, 12.858194111396378], [78, 18.775132545038], [14, 3.4224246744485356], [6, 1.2653330662573765], [12, 2.4222090125498354]]","[0, 1, 0, 0, 0, 0]"
A07,nq_6p_a3_MzA5,"[0, 0, 0, 1, 0, 0]","[[1, 0], [0, 0], [0, 0], [0, 1], [1, 0], [0, 1], [1, 2], [2, 3], [3, 4], [4, 5], [5, 5], [5, 5]]","[[6, 1.4221222009375492], [20, 5.146154066104517], [38, 9.08711982632977], [34, 8.122969181626331], [15, 3.3865791395207836], [15, 2.783984986581153]]","[0, 0, 0, 1, 0, 0]"
A07,nq_6p_a4_ODQz,"[0, 0, 0, 0, 1, 0]","[[0, 1], [1, 1], [1, 2], [2, 3], [3, 3], [3, 4], [4, 5]]","[[72, 15.073834793894346], [32, 7.639337537433256], [44, 10.820386606648388], [10, 2.7231707941008096], [22, 5.5186381579565165], [20, 4.0124596213963315]]","[0, 0, 0, 0, 1, 0]"
A07,nq_6p_a5_LTkw,"[0, 0, 0, 0, 0, 1]","[[1, 0], [0, 1], [1, 0], [0, 1], [1, 1], [1, 2], [2, 1], [1, 2], [2, 3], [3, 2], [2, 3], [3, 3], [3, 4], [4, 3], [3, 4], [4, 5], [5, 5]]","[[30, 6.603818678174186], [82, 19.088410193846553], [18, 4.579290324281352], [22, 5.30233616495736], [47, 10.664926149971087], [12, 2.5547619703885616]]","[0, 0, 0, 0, 0, 1]"
A07,nq_7p_a1_Mzgy,"[0, 1, 0, 0, 0, 0, 0]","[[1, 0], [0, 0], [0, 0], [0, 1], [1, 0], [0, 1], [1, 0], [0, 1], [1, 1], [1, 1], [1, 2], [2, 1], [1, 2], [2, 3], [3, 2], [2, 3], [3, 4], [4, 5], [5, 5], [5, 6]]","[[6, 0.9641736299784965], [36, 8.267788877065612], [33, 7.23130222483873], [8, 2.1934950082010793], [5, 0.9641736299784966], [10, 2.301964541573657], [4, 1.2052170374731261]]","[0, 1, 0, 0, 0, 0, 0]"
A07,nq_7p_a2_LTYz,"[0, 0, 1, 0, 0, 0, 0]","[[0, 1], [1, 2], [2, 2], [2, 3], [3, 3], [3, 4], [4, 4], [4, 5], [5, 5], [5, 5], [5, 6], [6, 6], [6, 6]]","[[29, 5.736115626390686], [30, 5.760216952551982], [42, 9.037997310489526], [21, 4.663606612212604], [24, 5.760216952551971], [25, 5.868672920277881], [20, 4.856417221503044]]","[0, 0, 1, 0, 0, 0, 0]"
A07,nq_7p_a5_NTE0,"[0, 0, 0, 0, 0, 1, 0]","[[0, 0], [0, 1], [1, 1], [1, 2], [2, 2], [2, 3], [3, 4], [4, 3], [3, 4], [4, 5], [5, 5], [5, 6], [6, 5], [5, 6]]","[[32, 7.603450104008814], [20, 4.6030395241384525], [30, 8.374639971927301], [36, 8.940982531179959], [14, 3.2534572552810985], [45, 10.097767333057675], [19, 4.7717373077456315]]","[0, 0, 0, 0, 0, 1, 0]"
A08,nq_5p_a0_LTcw,"[1, 1, 0, 0, 0]","[[1, 0], [0, 1], [1, 2]]","[[35, 9.520962314000204], [20, 5.70052553736974], [2, 1.3257036133417976], [0, 0], [0, 0]]","[1, 0, 0, 0, 0]"
A08,nq_5p_a0_LTIz,"[1, 0, 0, 0, 0]","[[0, 0], [0, 2], [2, 0], [0, 0], [0, 1], [1, 2], [2, 2], [2, 3], [3, 3], [3, 4], [4, 3], [3, 4], [4, 4]]","[[46, 10.533349301512455], [28, 6.568278454604455], [16, 4.543561426396109], [12, 2.6634670430597858], [8, 2.3260142050250607]]","[1, 0, 0, 0, 0]"
A08,nq_5p_a2_MTgz,"[0, 1, 1, 0, 0]","[[0, 0], [0, 0], [0, 0], [0, 1], [1, 2], [2, 2], [2, 3], [3, 2], [2, 3], [3, 3], [3, 3], [3, 3], [3, 4], [4, 3], [3, 4], [4, 3], [3, 4], [4, 4]]","[[24, 6.074483262731672], [47, 9.184040171034786], [12, 2.9649263544285596], [46, 10.160296409688115], [18, 3.917077500769409]]","[0, 0, 1, 0, 0]"
A08,nq_5p_a3_LTYx,"[0, 0, 0, 1, 0]","[[0, 1], [1, 2], [2, 3], [3, 3], [3, 4], [4, 3], [3, 4], [4, 4], [4, 4]]","[[46, 10.412417676761676], [34, 7.42366815843193], [50, 12.039357938755689], [30, 7.17058856212175], [18, 4.760306692500997]]","[0, 0, 0, 1, 0]"
A08,nq_5p_a4_LTI3,"[1, 1, 0, 0, 0]","[[0, 0], [0, 0], [0, 0], [0, 1], [1, 1], [1, 2], [2, 3], [3, 4]]","[[54, 13.015792135816453], [20, 5.760693186037276], [7, 1.494405763741888], [14, 3.7119110905846853], [25, 5.857106461117382]]","[0, 0, 0, 0, 1]"
A08,nq_6p_a1_LTEy,"[0, 1, 0, 0, 0, 0]","[[0, 0], [0, 1], [1, 1], [1, 1], [1, 2], [2, 2], [2, 3], [3, 3], [3, 2], [2, 3], [3, 4], [4, 4], [4, 5]]","[[10, 1.9159518711517642], [65, 13.074262768551353], [40, 8.78445857905431], [25, 5.061004942665015], [5, 1.0724510473742512], [3, 0.7350507178632526]]","[0, 1, 0, 0, 0, 0]"
A08,nq_6p_a3_MzA5,"[1, 0, 0, 1, 0, 0]","[[2, 1], [1, 0], [0, 1], [1, 0], [0, 1], [1, 2], [2, 2], [2, 3], [3, 2], [2, 3], [3, 4], [4, 5], [5, 4]]","[[12, 6.82125251523495], [32, 7.5202501228031915], [19, 4.290399108522324], [20, 5.905324615662764], [31, 7.170751319019093], [17, 3.362419526061039]]","[0, 0, 0, 1, 0, 0]"
A08,nq_6p_a4_ODQz,"[0, 0, 0, 0, 1, 0]","[[0, 0], [0, 0], [0, 1], [1, 1], [1, 2], [2, 2], [2, 3], [3, 4], [4, 4], [4, 5], [5, 5]]","[[44, 8.509044971239666], [23, 4.254522485619839], [15, 3.2059574537531965], [8, 2.277917138193054], [9, 2.5430715140673783], [9, 1.7235034431831089]]","[0, 0, 0, 0, 1, 0]"
A08,nq_6p_a5_LTkw,"[0, 0, 0, 0, 0, 1]","[[1, 0], [0, 1], [1, 1], [1, 2], [2, 3], [3, 2], [2, 3], [3, 2], [2, 3], [3, 4], [4, 3], [3, 4], [4, 4], [4, 5], [5, 4], [4, 5]]","[[23, 5.302491413793435], [15, 4.193788663636626], [12, 2.7235524079939015], [20, 4.832497856661746], [60, 14.509544686834776], [17, 3.55507947061151]]","[0, 0, 0, 0, 0, 1]"
A08,nq_7p_a1_Mzgy,"[1, 1, 0, 0, 0, 0, 0]","[[1, 0], [0, 0], [0, 1], [1, 1], [1, 2], [2, 3], [3, 1], [1, 0], [0, 1], [1, 2], [2, 1], [1, 2], [2, 2], [2, 3], [3, 4], [4, 5], [5, 6]]","[[13, 2.410433477447542], [28, 6.556379058657309], [17, 4.8329191222823145], [18, 4.628032276699274], [5, 1.3618949147578654], [16, 3.5553893792351268], [5, 1.398051416919575]]","[0, 1, 0, 0, 0, 0, 0]"
A08,nq_7p_a2_LTYz,"[1, 1, 0, 0, 0, 0, 0]","[[1, 0], [0, 0], [0, 1], [1, 1], [1, 2], [2, 3], [3, 2], [2, 3], [3, 4], [4, 5], [5, 4], [4, 5], [5, 5], [5, 6], [6, 5], [5, 6]]","[[34, 7.35032012344728], [40, 8.77218532765512], [40, 8.181749776755257], [36, 7.1454751364003855], [16, 2.940128049378899], [17, 3.6872097668440276], [14, 3.385967138833891]]","[0, 0, 1, 0, 0, 0, 0]"
A08,nq_7p_a5_NTE0,"[1, 0, 0, 1, 1, 1, 0]","[[0, 0], [0, 0], [0, 1], [1, 0], [0, 1], [1, 1], [1, 1], [1, 2], [2, 2], [2, 3], [3, 2], [2, 3], [3, 3], [3, 3], [3, 3], [3, 4], [4, 5], [5, 4], [4, 5], [5, 6], [6, 6]]","[[30, 7.4839894207539785], [25, 5.92934427537997], [40, 10.00275558651499], [42, 12.147924856876024], [5, 1.6390057346578786], [15, 2.904414573915794], [18, 4.205977951438236]]","[0, 0, 0, 0, 0, 1, 0]"
A09,nq_5p_a0_LTcw,"[0, 1, 0, 0, 0]","[[0, 0], [0, 0], [0, 0], [0, 0], [0, 1], [1, 1], [1, 1], [1, 2], [2, 3], [3, 3], [3, 4], [4, 4]]","[[69, 15.869222074206858], [85, 20.002208536965313], [78, 19.158741911912564], [33, 6.0609101771647715], [42, 8.434666250527556]]","[1, 0, 0, 0, 0]"
A09,nq_5p_a0_LTIz,"[1, 0, 0, 0, 0]","[[0, 0], [0, 1], [1, 2], [2, 3], [3, 4], [4, 4], [4, 4], [4, 4], [4, 4]]","[[115, 25.412605176523016], [43, 10.109613913277748], [74, 18.917871089208617], [82, 21.375989370863834], [70, 15.315040862665128]]","[1, 0, 0, 0, 0]"
A09,nq_5p_a2_MTgz,"[0, 0, 1, 1, 0]","[[1, 0], [0, 0], [0, 1], [1, 1], [1, 2], [2, 1], [1, 2], [2, 3], [3, 2], [2, 3], [3, 3], [3, 4], [4, 3]]","[[15, 3.132924425457171], [60, 13.495674448123193], [40, 9.338524729728125], [88, 21.050842197206414], [36, 8.133553796859943]]","[0, 0, 1, 0, 0]"
A09,nq_5p_a3_LTYx,"[0, 0, 0, 1, 0]","[[0, 1], [1, 2], [2, 0], [0, 0], [0, 1], [1, 2], [2, 3], [3, 3], [3, 4]]","[[91, 20.507310996940763], [35, 8.108942597497709], [101, 24.134044610383246], [61, 14.928647664635463], [63, 16.013053064003643]]","[0, 0, 0, 1, 0]"
A09,nq_5p_a4_LTI3,"[1, 1, 0, 0, 0]","[[0, 0], [0, 1], [1, 1], [1, 2], [2, 2], [2, 3], [3, 3], [3, 3], [3, 4], [4, 4]]","[[92, 20.48684868116678], [19, 5.314529569643852], [18, 4.77223063396589], [39, 10.894183063396973], [25, 5.422989356779418]]","[0, 0, 0, 0, 1]"
A09,nq_6p_a1_LTEy,"[0, 1, 0, 0, 0, 0]","[[1, 0], [0, 1], [1, 2], [2, 3], [3, 3], [3, 4], [4, 4], [4, 4], [4, 5], [5, 4], [4, 2], [2, 0], [0, 1]]","[[19, 3.8682514237366274], [58, 12.291640038041622], [90, 19.77507970826111], [18, 3.7236438938773233], [16, 3.3500744417407446], [17, 4.193618365920109]]","[0, 1, 0, 0, 0, 0]"
A09,nq_6p_a3_MzA5,"[1, 0, 0, 1, 0, 0]","[[1, 0], [0, 1], [1, 0], [0, 1], [1, 2], [2, 3], [3, 4], [4, 4], [4, 5], [5, 4], [4, 5]]","[[24, 5.6271703679236715], [34, 7.543059208394467], [27, 5.21748344606198], [55, 12.121913040966216], [62, 12.423153424688046], [21, 3.795628834894991]]","[0, 0, 0, 1, 0, 0]"
A09,nq_6p_a4_ODQz,"[0, 0, 0, 0, 1, 0]","[[0, 1], [1, 2], [2, 4], [4, 2], [2, 3], [3, 4], [4, 4], [4, 5], [5, 4], [4, 5], [5, 5]]","[[62, 15.821176264136872], [15, 3.277501861268256], [34, 7.036989290370105], [24, 5.639231143652744], [63, 13.338950589794052], [24, 5.121096658231679]]","[0, 0, 0, 0, 1, 0]"
A09,nq_6p_a5_LTkw,"[0, 0, 0, 0, 0, 1]","[[1, 0], [0, 0], [0, 0], [0, 1], [1, 0], [0, 0], [0, 1], [1, 2], [2, 2], [2, 3], [3, 2], [2, 3], [3, 3], [3, 4], [4, 4], [4, 5], [5, 4], [4, 5], [5, 4], [4, 5]]","[[45, 9.67584036638077], [56, 14.411338827137484], [54, 11.892969416709612], [25, 5.675368384265681], [62, 13.543766590052236], [15, 3.542586634764575]]","[0, 0, 0, 0, 0, 1]"
A09,nq_7p_a1_Mzgy,"[0, 1, 0, 0, 0, 0, 0]","[[1, 0], [0, 1], [1, 2], [2, 3], [3, 4], [4, 5], [5, 5], [5, 5], [5, 5], [5, 5], [5, 6], [6, 6]]","[[21, 4.181165436691494], [69, 16.01374312784725], [53, 11.724132478100348], [101, 22.460208570584854], [27, 5.506606929590731], [106, 27.61738092477495], [21, 4.494451607740373]]","[0, 1, 0, 0, 0, 0, 0]"
A09,nq_7p_a2_LTYz,"[0, 0, 1, 0, 0, 0, 0]","[[1, 0], [0, 1], [1, 2], [2, 3], [3, 4], [4, 3], [3, 4], [4, 3], [3, 4], [4, 5], [5, 4], [4, 4], [4, 5], [5, 5], [5, 5], [5, 6], [6, 6]]","[[43, 8.78366263339485], [74, 17.181759828835485], [96, 23.832763633545937], [79, 19.651788415729733], [37, 9.723478388408267], [84, 20.760289049848282], [90, 22.20615944217664]]","[0, 0, 1, 0, 0, 0, 0]"
A09,nq_7p_a5_NTE0,"[0, 0, 0, 0, 0, 1, 0]","[[0, 1], [1, 0], [0, 1], [1, 2], [2, 2], [2, 3], [3, 4], [4, 5], [5, 6], [6, 5], [5, 6]]","[[60, 16.604903614665837], [44, 10.302752242771625], [33, 8.278351802086654], [89, 23.401105094108125], [23, 5.747851251230514], [60, 13.628552966754029], [49, 12.025902617878515]]","[0, 0, 0, 0, 0, 1, 0]"
A10,nq_5p_a0_LTcw,"[0, 1, 0, 0, 1]","[[0, 1], [1, 1], [1, 2], [2, 2], [2, 3], [3, 2], [2, 3], [3, 2], [2, 3], [3, 3], [3, 4], [4, 4], [4, 4], [4, 4]]","[[40, 7.531459541881781], [28, 5.5913555638930355], [26, 6.266174338845648], [29, 5.326248188018784], [25, 4.952687794741458]]","[1, 0, 0, 0, 0]"
A10,nq_5p_a0_LTIz,"[1, 0, 0, 0, 0]","[[0, 1], [1, 0], [0, 1], [1, 2], [2, 0], [0, 2], [2, 3], [3, 3], [3, 4], [4, 4]]","[[54, 12.570687482843656], [15, 3.0372130831031594], [33, 7.448403513324429], [20, 3.579572562228744], [7, 1.2655054512929809]]","[1, 0, 0, 0, 0]"
A10,nq_5p_a2_MTgz,"[0, 0, 1, 1, 0]","[[1, 0], [0, 1], [1, 2], [2, 2], [2, 3], [3, 3], [3, 2], [2, 3], [3, 4], [4, 4]]","[[26, 4.832414504984291], [66, 14.786465330712513], [26, 5.531367226403468], [44, 8.351279930060159], [24, 4.278072691444933]]","[0, 0, 1, 0, 0]"
A10,nq_5p_a3_LTYx,"[1, 0, 0, 1, 0]","[[0, 1], [1, 0], [0, 1], [1, 2], [2, 2], [2, 3], [3, 3], [3, 3], [3, 4], [4, 4]]","[[51, 10.845259529280746], [21, 3.856092277077602], [22, 4.916517653273946], [53, 11.77313173345258], [8, 1.6026883526603726]]","[0, 0, 0, 1, 0]"
A10,nq_5p_a4_LTI3,"[0, 0, 0, 0, 1]","[[0, 0], [0, 1], [1, 2], [2, 3], [3, 4], [4, 3], [3, 4]]","[[75, 15.079126326320667], [7, 1.398224343607673], [3, 0.7111658299383805], [27, 4.688873014339528], [30, 5.737541272045259]]","[0, 0, 0, 0, 1]"
A10,nq_6p_a1_LTEy,"[0, 1, 1, 0, 0, 0]","[[1, 0], [0, 0], [0, 0], [0, 1], [1, 2], [2, 1], [1, 2], [2, 2], [2, 1], [1, 2], [2, 3], [3, 3], [3, 4], [4, 5], [5, 5]]","[[18, 3.6397083535048105], [71, 13.546464203110638], [34, 7.496352966490029], [17, 3.1455757624660734], [5, 1.084681297402092], [4, 0.5664446775321963]]","[0, 1, 0, 0, 0, 0]"
A10,nq_6p_a3_MzA5,"[1, 0, 0, 0, 0, 0]","[[1, 0], [0, 1], [1, 0], [0, 2], [2, 0], [0, 2], [2, 2], [2, 0], [0, 0], [0, 2], [2, 2], [2, 3], [3, 3], [3, 0], [0, 2], [2, 3], [3, 3], [3, 2], [2, 3], [3, 4], [4, 3], [3, 4], [4, 3], [3, 4], [4, 3], [3, 3], [3, 2], [2, 1], [1, 0], [0, 4], [4, 5]]","[[53, 11.124023486490124], [5, 1.2052029779512532], [40, 8.267692428745642], [21, 4.905176120261615], [18, 4.471303048199168], [9, 1.5547118415571148]]","[0, 0, 0, 1, 0, 0]"
A10,nq_6p_a4_ODQz,"[0, 0, 0, 0, 1, 0]","[[0, 1], [1, 0], [0, 1], [1, 1], [1, 2], [2, 2], [2, 2], [2, 1], [1, 2], [2, 3], [3, 4], [4, 4], [4, 5]]","[[34, 7.170123631526921], [33, 6.435035326446018], [20, 4.639491761576252], [13, 2.6029356376635597], [40, 7.326781794904829], [13, 2.289619310907753]]","[0, 0, 0, 0, 1, 0]"
A10,nq_6p_a5_LTkw,"[0, 0, 0, 0, 0, 1]","[[1, 0], [0, 0], [0, 1], [1, 2], [2, 0], [0, 1], [1, 2], [2, 2], [2, 3], [3, 3], [3, 4], [4, 5]]","[[46, 9.46055242751912], [18, 4.181925722737746], [15, 3.494981151567571], [8, 1.675180620923772], [20, 4.808611998191253], [30, 5.604021501651452]]","[0, 0, 0, 0, 0, 1]"
A10,nq_7p_a1_Mzgy,"[0, 1, 1, 0, 0, 0, 0]","[[0, 1], [1, 2], [2, 3], [3, 3], [3, 4], [4, 4], [4, 4], [4, 5], [5, 6], [6, 5], [5, 6]]","[[28, 5.905330517574912], [68, 12.738641545054461], [31, 5.905330517574921], [31, 6.122261026383796], [9, 1.8318576299416165], [14, 2.735734749978576], [8, 1.2654279680517604]]","[0, 1, 0, 0, 0, 0, 0]"
A10,nq_7p_a2_LTYz,"[0, 0, 0, 0, 0, 0, 0]","[[0, 1], [1, 1], [1, 0], [0, 1], [1, 1], [1, 2], [2, 2], [2, 2], [2, 3], [3, 4], [4, 5], [5, 6], [6, 6]]","[[37, 7.930203684571846], [45, 8.906414168538907], [20, 4.121777598971992], [8, 2.000628893068278], [6, 1.795745211248036], [2, 0.4941312326252927], [5, 1.4100818101746313]]","[0, 0, 1, 0, 0, 0, 0]"
A10,nq_7p_a5_NTE0,"[0, 0, 0, 0, 0, 1, 0]","[[0, 1], [1, 1], [1, 0], [0, 1], [1, 0], [0, 1], [1, 0], [0, 1], [1, 2], [2, 1], [1, 2], [2, 3], [3, 4], [4, 5], [5, 6], [6, 6], [6, 4]]","[[71, 16.137305010700267], [43, 8.629059288768774], [24, 4.591720096397918], [8, 1.9403331640946604], [11, 2.4947140681217164], [19, 3.6155276349589656], [10, 1.9162296465282793]]","[0, 0, 0, 0, 0, 1, 0]"
A11,nq_5p_a0_LTcw,"[0, 1, 0, 0, 1]","[[0, 1], [1, 1], [1, 1], [1, 2], [2, 2], [2, 2], [2, 3], [3, 3], [3, 3], [3, 4]]","[[42, 8.302537929931196], [51, 8.555590609943602], [69, 13.218989998743893], [48, 8.435089333747214], [61, 11.146368048166018]]","[1, 0, 0, 0, 0]"
A11,nq_5p_a0_LTIz,"[1, 0, 0, 0, 0]","[[0, 1], [1, 0], [0, 1], [1, 2], [2, 2], [2, 2], [2, 3], [3, 3], [3, 2], [2, 2], [2, 3], [3, 4], [4, 4]]","[[53, 9.025467758135244], [38, 7.061313893547737], [83, 16.11088169910124], [50, 9.471318635372924], [71, 12.363324325563099]]","[1, 0, 0, 0, 0]"
A11,nq_5p_a2_MTgz,"[0, 1, 1, 1, 0]","[[0, 1], [1, 1], [1, 2], [2, 1], [1, 2], [2, 3], [3, 3], [3, 4], [4, 3]]","[[23, 4.506767011307805], [78, 15.604982031132622], [46, 9.375039397854199], [81, 14.845820743131576], [40, 7.84466664267751]]","[0, 0, 1, 0, 0]"
A11,nq_5p_a3_LTYx,"[1, 0, 0, 1, 0]","[[0, 0], [0, 0], [0, 1], [1, 1], [1, 2], [2, 3], [3, 3], [3, 3], [3, 4], [4, 3], [3, 4], [4, 4]]","[[60, 11.749128995838543], [42, 7.5194425573366885], [67, 11.845532105548003], [82, 15.038885114673278], [47, 8.38707054472168]]","[0, 0, 0, 1, 0]"
A11,nq_5p_a4_LTI3,"[0, 0, 0, 1, 1]","[[0, 1], [1, 1], [1, 1], [1, 2], [2, 2], [2, 3], [3, 2], [2, 3], [3, 3], [3, 4], [4, 4], [4, 3], [3, 4], [4, 3], [3, 4], [4, 3], [3, 3], [3, 4]]","[[52, 9.205764397387236], [29, 4.8800190850023935], [14, 2.409885967902415], [117, 21.038304499788076], [64, 11.712045804005804]]","[0, 0, 0, 0, 1]"
A11,nq_6p_a1_LTEy,"[0, 1, 1, 0, 0, 0]","[[0, 0], [0, 0], [0, 1], [1, 0], [0, 1], [1, 2], [2, 3], [3, 2], [2, 3], [3, 4], [4, 5], [5, 5]]","[[28, 4.916699215778692], [98, 18.196607391729955], [88, 17.232548721969394], [37, 6.182026219839344], [18, 3.1211399433496894], [14, 2.289639340681262]]","[0, 1, 0, 0, 0, 0]"
A11,nq_6p_a3_MzA5,"[1, 0, 0, 1, 0, 0]","[[1, 0], [0, 0], [0, 0], [0, 0], [0, 1], [1, 2], [2, 0], [0, 2], [2, 3], [3, 1], [1, 0], [0, 3], [3, 4], [4, 5], [5, 3], [3, 0], [0, 0], [0, 0], [0, 0], [0, 1], [1, 0], [0, 1], [1, 2], [2, 1], [1, 2], [2, 1], [1, 0], [0, 2], [2, 1], [1, 3], [3, 3], [3, 1], [1, 2], [2, 3], [3, 2], [2, 3], [3, 4]]","[[52, 9.94073028491174], [44, 7.181424545221107], [36, 6.89223966420548], [113, 21.869606626805854], [88, 16.350995147424577], [33, 5.7716482502700615]]","[0, 0, 0, 1, 0, 0]"
A11,nq_6p_a4_ODQz,"[0, 0, 0, 0, 1, 0]","[[0, 1], [1, 1], [1, 2], [2, 3], [3, 1], [1, 2], [2, 3], [3, 2], [2, 3], [3, 3], [3, 4], [4, 4], [4, 5], [5, 5]]","[[91, 16.013457024578685], [58, 9.844239570414455], [68, 13.687951226426968], [33, 5.952330903041343], [51, 8.88029934320133], [32, 5.819789121799474]]","[0, 0, 0, 0, 1, 0]"
A11,nq_6p_a5_LTkw,"[0, 0, 0, 0, 0, 1]","[[1, 0], [0, 0], [0, 1], [1, 1], [1, 2], [2, 1], [1, 2], [2, 2], [2, 3], [3, 4], [4, 4], [4, 5]]","[[60, 10.676674775119176], [51, 9.24267443850611], [40, 6.687984763195438], [28, 4.964774274660385], [100, 19.967550905612285], [16, 2.952353634203405]]","[0, 0, 0, 0, 0, 1]"
A11,nq_7p_a1_Mzgy,"[0, 1, 1, 0, 0, 0, 0]","[[1, 0], [0, 0], [0, 1], [1, 0], [0, 1], [1, 2], [2, 1], [1, 2], [2, 2], [2, 3], [3, 4], [4, 4], [4, 4], [4, 3], [3, 4], [4, 4], [4, 3], [3, 4], [4, 3], [3, 5], [5, 4], [4, 5], [5, 5], [5, 6], [6, 5], [5, 6], [6, 4], [4, 3], [3, 2], [2, 3], [3, 3], [3, 1], [1, 0], [0, 0], [0, 1], [1, 2], [2, 3]]","[[43, 7.940957503545243], [54, 9.676159143166682], [65, 11.399310771401865], [79, 14.91791409618974], [47, 9.362858847123952], [58, 10.230459666934621], [24, 4.675404417868847]]","[0, 1, 0, 0, 0, 0, 0]"
A11,nq_7p_a2_LTYz,"[0, 0, 1, 0, 0, 0, 0]","[[0, 1], [1, 1], [1, 0], [0, 1], [1, 1], [1, 2], [2, 2], [2, 3], [3, 2], [2, 3], [3, 2], [2, 3], [3, 4], [4, 4], [4, 5], [5, 5], [5, 5], [5, 5], [5, 5], [5, 6], [6, 6], [6, 5]]","[[38, 6.060954007091239], [36, 6.301946214132654], [72, 14.013696839457474], [45, 7.0972204973692925], [31, 5.253630113502545], [30, 6.157350889907825], [46, 8.121437377295194]]","[0, 0, 1, 0, 0, 0, 0]"
A11,nq_7p_a5_NTE0,"[0, 0, 0, 0, 0, 1, 0]","[[0, 0], [0, 1], [1, 2], [2, 2], [2, 2], [2, 3], [3, 4], [4, 3], [3, 4], [4, 3], [3, 4], [4, 4], [4, 4], [4, 4], [4, 5], [5, 5], [5, 6], [6, 6], [6, 5], [5, 6]]","[[49, 9.290203379423978], [26, 5.410248141843539], [63, 13.013514461449976], [55, 10.483108871723594], [42, 6.567004982861349], [38, 6.687500487133974], [42, 6.57905453328857]]","[0, 0, 0, 0, 0, 1, 0]"
A12,nq_5p_a0_LTcw,"[0, 1, 0, 0, 1]","[[0, 0], [0, 0], [0, 1], [1, 2], [2, 3], [3, 2], [2, 3], [3, 2], [2, 3], [3, 4], [4, 4]]","[[39, 9.700584942423474], [62, 16.38856586546078], [72, 16.557271690546386], [40, 9.845189935354021], [37, 8.073778771954963]]","[1, 0, 0, 0, 0]"
A12,nq_5p_a0_LTIz,"[1, 0, 0, 0, 0]","[[0, 1], [1, 1], [1, 2], [2, 1], [1, 2], [2, 3], [3, 2], [2, 3], [3, 4], [4, 3], [3, 4]]","[[52, 12.508545079430402], [25, 5.470982144567827], [32, 7.374980335849131], [13, 2.6993392078925], [16, 3.7236420323159862]]","[1, 0, 0, 0, 0]"
A12,nq_5p_a2_MTgz,"[0, 1, 0, 1, 0]","[[1, 0], [0, 0], [0, 1], [1, 2], [2, 2], [2, 2], [2, 2], [2, 3], [3, 3], [3, 4], [4, 3], [3, 4], [4, 4]]","[[20, 4.254028229063206], [51, 12.051071470434016], [15, 3.073023224960675], [26, 7.158336453437787], [13, 3.1091764393719927]]","[0, 0, 1, 0, 0]"
A12,nq_5p_a3_LTYx,"[1, 0, 0, 1, 0]","[[0, 0], [0, 0], [0, 0], [0, 0], [0, 0], [0, 1], [1, 0], [0, 1], [1, 2], [2, 1], [1, 2], [2, 3], [3, 2], [2, 3], [3, 4], [4, 3], [3, 4], [4, 3], [3, 4]]","[[108, 24.340840563468475], [19, 4.591019928060142], [30, 6.314158641216579], [25, 6.434657851926801], [5, 1.2290919492444488]]","[0, 0, 0, 1, 0]"
A12,nq_5p_a4_LTI3,"[0, 0, 0, 0, 1]","[[0, 0], [0, 0], [0, 1], [1, 0], [0, 1], [1, 3], [3, 2], [2, 1], [1, 2], [2, 1], [1, 2], [2, 3], [3, 2], [2, 3], [3, 3], [3, 4], [4, 3], [3, 4], [4, 3], [3, 2], [2, 3], [3, 3], [3, 3], [3, 4], [4, 4]]","[[89, 21.703863018985892], [37, 8.64057178490446], [24, 5.941146290038894], [88, 21.17361872535161], [18, 4.073240255645331]]","[0, 0, 0, 0, 1]"
A12,nq_6p_a1_LTEy,"[0, 1, 0, 0, 0, 0]","[[1, 0], [0, 0], [0, 0], [0, 0], [0, 1], [1, 1], [1, 2], [2, 1], [1, 2], [2, 2], [2, 3], [3, 2], [2, 3], [3, 4], [4, 3], [3, 4], [4, 4], [4, 5]]","[[11, 2.3620501498836313], [73, 16.3174280762369], [27, 4.953074548990678], [22, 4.278203077595357], [15, 3.073075450103694], [8, 1.5184608106394748]]","[0, 1, 0, 0, 0, 0]"
A12,nq_6p_a3_MzA5,"[1, 0, 0, 1, 0, 0]","[[1, 0], [0, 0], [0, 0], [0, 1], [1, 2], [2, 2], [2, 0], [0, 0], [0, 3], [3, 2], [2, 2], [2, 3], [3, 4], [4, 3], [3, 4], [4, 5], [5, 4], [4, 5]]","[[18, 5.0008349588840835], [33, 6.470959934748786], [56, 12.194807176845023], [27, 5.89255010817908], [54, 12.170706767404646], [27, 5.80819867513766]]","[0, 0, 0, 1, 0, 0]"
A12,nq_6p_a4_ODQz,"[0, 0, 0, 0, 1, 0]","[[0, 0], [0, 1], [1, 1], [1, 2], [2, 1], [1, 2], [2, 3], [3, 2], [2, 3], [3, 4], [4, 3], [3, 4], [4, 4], [4, 4], [4, 5], [5, 4], [4, 5], [5, 5]]","[[73, 16.37544209524672], [37, 7.073130618035204], [31, 6.542947062339188], [22, 5.2174881730992055], [29, 8.19374586075628], [17, 3.9643270414541547]]","[0, 0, 0, 0, 1, 0]"
A12,nq_6p_a5_LTkw,"[0, 0, 0, 0, 0, 1]","[[1, 0], [0, 0], [0, 0], [0, 0], [0, 1], [1, 2], [2, 1], [1, 2], [2, 1], [1, 2], [2, 3], [3, 2], [2, 3], [3, 4], [4, 4], [4, 3], [3, 4], [4, 5], [5, 4], [4, 5]]","[[30, 6.290583507609568], [41, 7.411319649769897], [15, 2.9524769336481747], [19, 3.2658010164026656], [66, 13.171662401948733], [21, 4.8926760614740985]]","[0, 0, 0, 0, 0, 1]"
A12,nq_7p_a1_Mzgy,"[1, 1, 0, 0, 0, 0, 1]","[[1, 0], [0, 0], [0, 0], [0, 0], [0, 1], [1, 0], [0, 1], [1, 2], [2, 1], [1, 0], [0, 1], [1, 2], [2, 2], [2, 3], [3, 2], [2, 3], [3, 4], [4, 3], [3, 4], [4, 4], [4, 3], [3, 4], [4, 5], [5, 5], [5, 6], [6, 5], [5, 6], [6, 5], [5, 6], [6, 6]]","[[42, 8.892680812789404], [76, 17.17082677266248], [19, 3.5064635725226374], [29, 6.061000608174879], [21, 5.350068131271648], [33, 6.530939025110918], [6, 2.2050956486998317]]","[0, 1, 0, 0, 0, 0, 0]"
A12,nq_7p_a2_LTYz,"[0, 0, 1, 0, 0, 0, 0]","[[1, 0], [0, 0], [0, 1], [1, 2], [2, 1], [1, 2], [2, 1], [1, 2], [2, 2], [2, 3], [3, 4], [4, 3], [3, 4], [4, 3], [3, 4], [4, 5], [5, 4], [4, 5], [5, 6], [6, 6], [6, 6]]","[[39, 8.833857920545778], [34, 8.448205187315953], [29, 7.206885452232427], [24, 6.170443731677253], [24, 4.941175644507169], [30, 6.363270098292162], [18, 3.5552361344624828]]","[0, 0, 1, 0, 0, 0, 0]"
A12,nq_7p_a5_NTE0,"[0, 0, 0, 0, 0, 1, 0]","[[1, 0], [0, 0], [0, 0], [0, 1], [1, 0], [0, 1], [1, 1], [1, 2], [2, 1], [1, 2], [2, 2], [2, 3], [3, 2], [2, 3], [3, 3], [3, 4], [4, 3], [3, 4], [4, 5], [5, 4], [4, 5], [5, 4], [4, 5], [5, 6], [6, 5], [5, 6], [6, 5], [5, 6], [6, 5]]","[[46, 12.062749295897216], [26, 4.747975247336169], [37, 8.519843908291026], [39, 9.27903791992096], [24, 5.085394808060556], [69, 16.099733325992624], [33, 8.640350894264031]]","[0, 0, 0, 0, 0, 1, 0]"
A13,nq_5p_a0_LTcw,"[1, 1, 0, 0, 1]","[[0, 0], [0, 0], [0, 1], [1, 2], [2, 1], [1, 2], [2, 2], [2, 3], [3, 2], [2, 3], [3, 3], [3, 3], [3, 4], [4, 3], [3, 4]]","[[37, 11.411473217442216], [52, 13.520245987296892], [85, 20.870825356504653], [36, 8.784544852708983], [63, 15.8218208389668]]","[1, 0, 0, 0, 0]"
A13,nq_5p_a0_LTIz,"[1, 0, 0, 0, 0]","[[0, 1], [1, 0], [0, 1], [1, 2], [2, 1], [1, 2], [2, 2], [2, 1], [1, 2], [2, 3], [3, 2], [2, 3], [3, 4], [4, 3], [3, 4]]","[[52, 9.507581907042303], [39, 8.603819368350042], [75, 18.870561807893857], [36, 6.39863877394103], [50, 10.02573909589254]]","[1, 0, 0, 0, 0]"
A13,nq_5p_a2_MTgz,"[0, 1, 1, 1, 0]","[[0, 1], [1, 0], [0, 1], [1, 2], [2, 1], [1, 2], [2, 2], [2, 1], [1, 2], [2, 3], [3, 3], [3, 2], [2, 3], [3, 3], [3, 4], [4, 4]]","[[20, 4.6517361310018215], [81, 17.389780406828045], [41, 10.617045418167383], [78, 17.221064588605195], [20, 4.2299465854446225]]","[0, 0, 1, 0, 0]"
A13,nq_5p_a3_LTYx,"[0, 0, 0, 1, 0]","[[0, 1], [1, 0], [0, 1], [1, 1], [1, 1], [1, 2], [2, 2], [2, 3], [3, 2], [2, 3], [3, 3], [3, 4], [4, 3], [3, 4]]","[[60, 13.990206024774016], [39, 7.386732380005579], [65, 15.677224839130947], [64, 13.761253471397012], [44, 9.182202403856834]]","[0, 0, 0, 1, 0]"
A13,nq_5p_a4_LTI3,"[1, 0, 0, 0, 1]","[[0, 0], [0, 0], [0, 1], [1, 0], [0, 1], [1, 0], [0, 1], [1, 2], [2, 1], [1, 2], [2, 2], [2, 3], [3, 2], [2, 3], [3, 3], [3, 4]]","[[93, 22.475118117947726], [36, 7.905457096715121], [14, 2.603016361113511], [50, 12.087154676837308], [43, 12.075103675165472]]","[0, 0, 0, 0, 1]"
A13,nq_6p_a1_LTEy,"[0, 1, 1, 0, 0, 0]","[[0, 0], [0, 1], [1, 1], [1, 2], [2, 1], [1, 2], [2, 1], [1, 2], [2, 3], [3, 2], [2, 3], [3, 2], [2, 3], [3, 3], [3, 3], [3, 4], [4, 5]]","[[14, 2.771539593696055], [53, 11.134359063370233], [73, 18.027057531170897], [39, 8.097715682451081], [26, 4.856219375041363], [12, 2.4702852900334378]]","[0, 1, 0, 0, 0, 0]"
A13,nq_6p_a3_MzA5,"[0, 0, 0, 1, 0, 0]","[[0, 0], [0, 0], [0, 1], [1, 0], [0, 1], [1, 1], [1, 2], [2, 1], [1, 2], [2, 1], [1, 2], [2, 2], [2, 3], [3, 2], [2, 2], [2, 3], [3, 3], [3, 4], [4, 3], [3, 4], [4, 4], [4, 3], [3, 4], [4, 4], [4, 5], [5, 4], [4, 5]]","[[11, 2.3859986091304473], [29, 5.808340048489269], [35, 7.242349313572728], [65, 14.340092650834496], [63, 11.857690057496782], [28, 6.326511463603445]]","[0, 0, 0, 1, 0, 0]"
A13,nq_6p_a4_ODQz,"[0, 0, 0, 0, 1, 0]","[[0, 1], [1, 0], [0, 0], [0, 1], [1, 2], [2, 1], [1, 2], [2, 2], [2, 3], [3, 2], [2, 3], [3, 3], [3, 3], [3, 4], [4, 3], [3, 4], [4, 5]]","[[98, 21.786538677664378], [51, 12.14647731586598], [53, 12.07417685565251], [31, 8.350703154657829], [60, 13.026132915130063], [27, 5.109232521753171]]","[0, 0, 0, 0, 1, 0]"
A13,nq_6p_a5_LTkw,"[0, 0, 0, 0, 0, 1]","[[0, 1], [1, 0], [0, 1], [1, 2], [2, 1], [1, 2], [2, 2], [2, 2], [2, 3], [3, 2], [2, 3], [3, 3], [3, 4], [4, 3], [3, 4], [4, 4], [4, 4], [4, 5], [5, 4]]","[[40, 8.351202453248465], [47, 9.83345050772114], [33, 7.10997034259249], [32, 7.097919545401616], [81, 16.521642948634444], [26, 7.09791954540168]]","[0, 0, 0, 0, 0, 1]"
A13,nq_7p_a1_Mzgy,"[1, 1, 0, 0, 0, 0, 0]","[[0, 0], [0, 1], [1, 2], [2, 1], [1, 2], [2, 3], [3, 4], [4, 3], [3, 3], [3, 4], [4, 4], [4, 4], [4, 5], [5, 4], [4, 5], [5, 5], [5, 5], [5, 6], [6, 6]]","[[22, 5.470931121472785], [38, 9.339144535553759], [40, 8.616113990865724], [54, 12.134862641680847], [22, 4.302031740893803], [50, 10.122427625632461], [12, 3.398243560033748]]","[0, 1, 0, 0, 0, 0, 0]"
A13,nq_7p_a2_LTYz,"[0, 0, 1, 0, 0, 0, 0]","[[0, 0], [0, 1], [1, 0], [0, 1], [1, 1], [1, 1], [1, 1], [1, 2], [2, 1], [1, 2], [2, 3], [3, 2], [2, 3], [3, 4], [4, 3], [3, 4], [4, 5], [5, 4], [4, 5], [5, 6]]","[[44, 10.447983815092567], [53, 11.158976946684808], [66, 15.738254743380455], [49, 10.267222849433544], [19, 4.338263175816998], [24, 4.8323431486183495], [29, 5.904858211528719]]","[0, 0, 1, 0, 0, 0, 0]"
A13,nq_7p_a5_NTE0,"[0, 1, 0, 0, 0, 0, 0]","[[0, 1], [1, 0], [0, 1], [1, 1], [1, 1], [1, 2], [2, 1], [1, 2], [2, 3], [3, 3], [3, 2], [2, 3], [3, 4], [4, 3], [3, 4], [4, 5], [5, 4], [4, 5], [5, 6]]","[[38, 7.423008580255112], [21, 4.844236118932725], [40, 8.013475171866315], [54, 11.917784879662822], [27, 5.627508128212909], [48, 12.52030180987839], [27, 6.904844020269778]]","[0, 0, 0, 0, 0, 1, 0]"
B01,nq_5p_a0_LTcw,"[0, 0, 0, 0, 1]","[[0, 0], [0, 1], [1, 1], [1, 2], [2, 1], [1, 2], [2, 2], [2, 2], [2, 3], [3, 2], [2, 3], [3, 2], [2, 3], [3, 2], [2, 3], [3, 2], [2, 3], [3, 3], [3, 4], [4, 4], [4, 3], [3, 3], [3, 4]]","[[73, 15.978190865549324], [70, 15.49619415768965], [97, 23.53348926125026], [61, 13.965854610234985], [61, 14.002004363324502]]","[1, 0, 0, 0, 0]"
B01,nq_5p_a0_LTIz,"[1, 0, 0, 0, 0]","[[0, 0], [0, 1], [1, 0], [0, 1], [1, 2], [2, 2], [2, 2], [2, 3], [3, 2], [2, 3], [3, 2], [2, 3], [3, 2], [2, 3], [3, 2], [2, 3], [3, 3], [3, 3], [3, 4], [4, 3], [3, 4], [4, 4]]","[[83, 19.965238269696307], [49, 11.410428872300798], [90, 20.748425045514267], [87, 22.20635735126757], [79, 18.86877678355127]]","[1, 0, 0, 0, 0]"
B01,nq_5p_a2_MTgz,"[0, 0, 1, 0, 0]","[[1, 0], [0, 0], [0, 0], [0, 0], [0, 1], [1, 1], [1, 2], [2, 1], [1, 2], [2, 2], [2, 2], [2, 3], [3, 3], [3, 2], [2, 3], [3, 3], [3, 3], [3, 4], [4, 3], [3, 4]]","[[56, 13.784039528059987], [121, 32.97807359117153], [39, 8.735514561051957], [90, 23.84494250527159], [45, 9.880168193189817]]","[0, 0, 1, 0, 0]"
B01,nq_5p_a3_LTYx,"[0, 0, 0, 1, 0]","[[0, 1], [1, 1], [1, 2], [2, 1], [1, 2], [2, 1], [1, 2], [2, 1], [1, 2], [2, 2], [2, 3], [3, 2], [2, 3], [3, 2], [2, 3], [3, 3], [3, 2], [2, 3], [3, 3], [3, 4], [4, 4], [4, 3]]","[[88, 19.7377985046685], [57, 12.278886859741867], [86, 18.26770606414987], [93, 18.870202966001713], [33, 5.45862193077825]]","[0, 0, 0, 1, 0]"
B01,nq_5p_a4_LTI3,"[0, 0, 0, 1, 0]","[[0, 1], [1, 0], [0, 1], [1, 0], [0, 0], [0, 1], [1, 1], [1, 2], [2, 2], [2, 3], [3, 2], [2, 3], [3, 4]]","[[158, 35.32965993924327], [51, 11.32669861626492], [21, 5.542852514342407], [78, 16.423712993584104], [34, 7.868440634490412]]","[0, 0, 0, 0, 1]"
B01,nq_6p_a1_LTEy,"[0, 0, 1, 0, 0, 0]","[[0, 0], [0, 0], [0, 0], [0, 1], [1, 0], [0, 1], [1, 1], [1, 2], [2, 1], [1, 2], [2, 2], [2, 1], [1, 2], [2, 3], [3, 2], [2, 3], [3, 2], [2, 3], [3, 4], [4, 4], [4, 5], [5, 2]]","[[21, 4.470313483223982], [85, 16.640169596583096], [103, 22.713048290774157], [51, 12.362645913174717], [27, 5.277620769951795], [14, 2.2532307853446696]]","[0, 1, 0, 0, 0, 0]"
B01,nq_6p_a3_MzA5,"[1, 0, 0, 1, 0, 0]","[[1, 0], [0, 0], [0, 0], [0, 1], [1, 1], [1, 1], [1, 2], [2, 3], [3, 2], [2, 3], [3, 3], [3, 4], [4, 5], [5, 4], [4, 5], [5, 5]]","[[23, 4.783592766277715], [50, 11.085403891625916], [45, 9.50693877227484], [107, 25.20724450139292], [94, 19.77298672408486], [28, 6.723538447312265]]","[0, 0, 0, 1, 0, 0]"
B01,nq_6p_a4_ODQz,"[0, 0, 0, 0, 1, 0]","[[0, 1], [1, 0], [0, 1], [1, 1], [1, 2], [2, 1], [1, 2], [2, 2], [2, 1], [1, 2], [2, 3], [3, 2], [2, 3], [3, 3], [3, 3], [3, 4], [4, 3], [3, 4], [4, 4], [4, 5], [5, 4], [4, 5]]","[[131, 29.47397281233678], [72, 16.146820755736385], [71, 17.303607914356284], [39, 9.314546600137533], [67, 15.628676507604624], [34, 7.7842135882132055]]","[0, 0, 0, 0, 1, 0]"
B01,nq_6p_a5_LTkw,"[0, 0, 0, 0, 0, 1]","[[1, 0], [0, 0], [0, 1], [1, 0], [0, 0], [0, 1], [1, 1], [1, 1], [1, 2], [2, 1], [1, 2], [2, 3], [3, 2], [2, 3], [3, 2], [2, 3], [3, 3], [3, 4], [4, 4], [4, 4], [4, 5], [5, 5]]","[[69, 14.905608555236318], [78, 16.97817498328863], [48, 11.350916135030424], [41, 9.434997169563495], [118, 25.099743428097938], [10, 1.783371112510082]]","[0, 0, 0, 0, 0, 1]"
B01,nq_7p_a1_Mzgy,"[1, 0, 0, 0, 0, 0, 0]","[[0, 1], [1, 0], [0, 0], [0, 0], [0, 1], [1, 0], [0, 1], [1, 0], [0, 1], [1, 0], [0, 1], [1, 2], [2, 3], [3, 2], [2, 3], [3, 4], [4, 3], [3, 4], [4, 3], [3, 4], [4, 3], [3, 4], [4, 5], [5, 5], [5, 5], [5, 6], [6, 5], [5, 6], [6, 6], [6, 6]]","[[60, 11.905003410064321], [77, 16.411553283914568], [67, 13.91728637512579], [81, 15.736775762696432], [41, 9.205893325191411], [88, 18.749175410992095], [15, 2.699110084872814]]","[0, 1, 0, 0, 0, 0, 0]"
B01,nq_7p_a2_LTYz,"[0, 0, 0, 0, 1, 0, 0]","[[1, 0], [0, 0], [0, 1], [1, 1], [1, 2], [2, 2], [2, 1], [1, 2], [2, 3], [3, 3], [3, 3], [3, 2], [2, 3], [3, 3], [3, 4], [4, 3], [3, 4], [4, 4], [4, 4], [4, 5], [5, 5], [5, 6], [6, 5], [5, 6], [6, 6], [6, 5], [5, 6], [6, 5], [5, 6], [6, 6], [6, 4], [4, 4], [4, 4], [4, 3]]","[[63, 14.290532409242426], [65, 15.302678043623843], [78, 17.857140835157928], [87, 21.435798613863682], [44, 10.422690163570593], [35, 8.470695011549282], [56, 11.928859262352475]]","[0, 0, 1, 0, 0, 0, 0]"
B01,nq_7p_a5_NTE0,"[0, 0, 0, 0, 0, 1, 0]","[[0, 0], [0, 0], [0, 0], [0, 1], [1, 0], [0, 1], [1, 2], [2, 3], [3, 2], [2, 2], [2, 3], [3, 4], [4, 4], [4, 3], [3, 4], [4, 3], [3, 4], [4, 5], [5, 4], [4, 5], [5, 4], [4, 5], [5, 6], [6, 6], [6, 5], [5, 6], [6, 5]]","[[61, 14.290706043171829], [53, 13.68823108351027], [50, 11.856707206139205], [102, 22.97839496149139], [61, 14.037666560114019], [76, 18.6285257527349], [46, 10.591509790849898]]","[0, 0, 0, 0, 0, 1, 0]"
B02,nq_5p_a0_LTcw,"[0, 1, 1, 0, 1]","[[0, 1], [1, 1], [1, 0], [0, 1], [1, 2], [2, 2], [2, 3], [3, 4], [4, 4], [4, 4]]","[[55, 13.061565178185658], [67, 14.435198416481935], [102, 21.80944001154611], [39, 8.687627761505425], [83, 18.1825662858691]]","[1, 0, 0, 0, 0]"
B02,nq_5p_a0_LTIz,"[1, 0, 0, 0, 0]","[[0, 0], [0, 1], [1, 0], [0, 1], [1, 0], [0, 1], [1, 2], [2, 0], [0, 2], [2, 2], [2, 3], [3, 4]]","[[118, 23.484864237864393], [39, 8.42273991906989], [68, 14.158396859666752], [68, 14.748832132963557], [71, 15.52001289808588]]","[1, 0, 0, 0, 0]"
B02,nq_5p_a2_MTgz,"[0, 1, 1, 0, 0]","[[0, 0], [0, 0], [0, 1], [1, 2], [2, 2], [2, 2], [2, 3], [3, 2], [2, 3], [3, 2], [2, 3], [3, 4], [4, 4], [4, 3]]","[[29, 8.205738358140223], [105, 25.95471427817044], [44, 8.976909070212116], [87, 20.532420208914722], [39, 10.965083562272625]]","[0, 0, 1, 0, 0]"
B02,nq_5p_a3_LTYx,"[0, 0, 0, 1, 0]","[[0, 0], [0, 0], [0, 1], [1, 1], [1, 1], [1, 2], [2, 1], [1, 2], [2, 1], [1, 2], [2, 3], [3, 4]]","[[123, 29.568971888486363], [68, 17.724514118974476], [94, 22.845464833158132], [93, 20.158471870186617], [50, 10.470838048530823]]","[0, 0, 0, 1, 0]"
B02,nq_5p_a4_LTI3,"[0, 0, 0, 1, 1]","[[0, 1], [1, 2], [2, 2], [2, 3], [3, 2], [2, 3], [3, 4], [4, 4], [4, 3]]","[[138, 35.23344175049544], [58, 14.54403700165804], [15, 3.4703253160543284], [53, 10.423025688843595], [68, 14.724783111869144]]","[0, 0, 0, 0, 1]"
B02,nq_6p_a1_LTEy,"[0, 0, 1, 0, 0, 0]","[[1, 0], [0, 0], [0, 0], [0, 1], [1, 1], [1, 1], [1, 1], [1, 1], [1, 1], [1, 2], [2, 1], [1, 2], [2, 3], [3, 3], [3, 2], [2, 3], [3, 4], [4, 4], [4, 5], [5, 4], [4, 5], [5, 5], [5, 5], [5, 5]]","[[24, 6.506486472695374], [91, 21.218375330401024], [97, 20.808707663601666], [46, 10.832095072135473], [39, 7.8318818652815025], [40, 10.627261238735784]]","[0, 1, 0, 0, 0, 0]"
B02,nq_6p_a3_MzA5,"[0, 0, 1, 0, 0, 0]","[[1, 0], [0, 1], [1, 1], [1, 2], [2, 2], [2, 3], [3, 2], [2, 3], [3, 2], [2, 3], [3, 2], [2, 3], [3, 2], [2, 3], [3, 2], [2, 3], [3, 2], [2, 3], [3, 4], [4, 3], [3, 4], [4, 4], [4, 4], [4, 5], [5, 5], [5, 5]]","[[12, 2.5303753142597185], [32, 8.410485568348971], [74, 17.77287423110995], [103, 23.062563578538644], [88, 22.580587328203364], [44, 11.977109820829313]]","[0, 0, 0, 1, 0, 0]"
B02,nq_6p_a4_ODQz,"[0, 0, 0, 0, 1, 0]","[[0, 0], [0, 1], [1, 1], [1, 1], [1, 2], [2, 1], [1, 1], [1, 2], [2, 3], [3, 3], [3, 2], [2, 3], [3, 4], [4, 5], [5, 5]]","[[104, 26.302820038648566], [112, 27.194441056907912], [72, 19.278292286687062], [35, 8.036638097012641], [70, 16.687771760663537], [38, 9.362020691722307]]","[0, 0, 0, 0, 1, 0]"
B02,nq_6p_a5_LTkw,"[0, 0, 0, 0, 0, 1]","[[1, 0], [0, 0], [0, 1], [1, 2], [2, 3], [3, 4], [4, 5], [5, 4], [4, 5], [5, 5], [5, 5], [5, 5], [5, 5], [5, 5]]","[[74, 22.062100625835107], [74, 17.567745883379345], [44, 10.121335076844083], [73, 17.700287176052257], [104, 23.580300887361872], [50, 11.988962382690445]]","[0, 0, 0, 0, 0, 1]"
B02,nq_7p_a1_Mzgy,"[1, 1, 1, 0, 0, 0, 1]","[[0, 0], [0, 1], [1, 2], [2, 1], [1, 2], [2, 3], [3, 4], [4, 3], [3, 4], [4, 3], [3, 4], [4, 5], [5, 6], [6, 6], [6, 5]]","[[25, 5.892421114360533], [58, 14.459929114995171], [50, 11.194395123192088], [80, 18.797907849493683], [24, 5.0609751902483], [75, 16.448169368306992], [52, 12.0378909882335]]","[0, 1, 0, 0, 0, 0, 0]"
B02,nq_7p_a2_LTYz,"[0, 0, 1, 0, 0, 0, 0]","[[0, 1], [1, 1], [1, 1], [1, 1], [1, 2], [2, 3], [3, 4], [4, 5], [5, 4], [4, 5], [5, 6], [6, 6]]","[[46, 10.735592851705407], [94, 22.049534139866335], [81, 20.121706018347943], [66, 16.494979364741468], [55, 12.012778982211302], [42, 10.145195489490362], [70, 17.350453093665124]]","[0, 0, 1, 0, 0, 0, 0]"
B02,nq_7p_a5_NTE0,"[1, 0, 0, 1, 1, 1, 1]","[[1, 0], [0, 0], [0, 1], [1, 1], [1, 1], [1, 1], [1, 2], [2, 2], [2, 1], [1, 2], [2, 1], [1, 2], [2, 3], [3, 2], [2, 2], [2, 2], [2, 3], [3, 4], [4, 5], [5, 4], [4, 5], [5, 4], [4, 5], [5, 4], [4, 4], [4, 5], [5, 5], [5, 6], [6, 5], [5, 6]]","[[55, 14.796587849398492], [36, 8.747819852331672], [77, 17.110060868196946], [95, 21.074293280617248], [60, 15.700288247366657], [77, 18.146303991200355], [44, 11.952943930458673]]","[0, 0, 0, 0, 0, 1, 0]"
B03,nq_5p_a0_LTcw,"[1, 1, 0, 0, 1]","[[0, 0], [0, 0], [0, 0], [0, 1], [1, 1], [1, 1], [1, 1], [1, 2], [2, 2], [2, 1], [1, 1], [1, 2], [2, 1], [1, 2], [2, 2], [2, 2], [2, 3], [3, 2], [2, 3], [3, 3], [3, 4], [4, 4], [4, 4]]","[[54, 12.170230635471393], [52, 10.519417173036157], [79, 18.55658928576825], [42, 9.410841709211034], [19, 3.8438649234805524]]","[1, 0, 0, 0, 0]"
B03,nq_5p_a0_LTIz,"[1, 0, 0, 0, 0]","[[0, 0], [0, 0], [0, 0], [0, 0], [0, 1], [1, 0], [0, 0], [0, 1], [1, 0], [0, 0], [0, 1], [1, 2], [2, 3], [3, 2], [2, 2], [2, 3], [3, 4], [4, 3], [3, 4], [4, 4]]","[[74, 16.787365752618218], [13, 2.988705460624062], [16, 3.8081892159564745], [9, 2.0366581566349424], [18, 3.8925478378289213]]","[1, 0, 0, 0, 0]"
B03,nq_5p_a2_MTgz,"[0, 1, 1, 1, 0]","[[1, 0], [0, 0], [0, 0], [0, 0], [0, 1], [1, 0], [0, 1], [1, 1], [1, 1], [1, 2], [2, 2], [2, 2], [2, 2], [2, 3], [3, 2], [2, 3], [3, 3], [3, 4], [4, 4], [4, 4], [4, 2]]","[[40, 8.1814889415684], [72, 17.122085104519456], [55, 12.085468937250518], [81, 18.652348868259004], [25, 5.494490364293327]]","[0, 0, 1, 0, 0]"
B03,nq_5p_a3_LTYx,"[1, 0, 0, 1, 0]","[[0, 0], [0, 1], [1, 1], [1, 2], [2, 1], [1, 2], [2, 2], [2, 3], [3, 2], [2, 3], [3, 4], [4, 3], [3, 4], [4, 4]]","[[71, 17.136986834662302], [34, 7.3272067478724985], [41, 8.580544744219129], [22, 4.615658198084148], [24, 4.555401563644423]]","[0, 0, 0, 1, 0]"
B03,nq_5p_a4_LTI3,"[1, 0, 0, 0, 1]","[[0, 0], [0, 1], [1, 0], [0, 1], [1, 2], [2, 1], [1, 2], [2, 3], [3, 3], [3, 2], [2, 3], [3, 3], [3, 2], [2, 3], [3, 3], [3, 3], [3, 3], [3, 3], [3, 4], [4, 3], [3, 4], [4, 4], [4, 4], [4, 1], [1, 0], [0, 0], [0, 0], [0, 0], [0, 1], [1, 4]]","[[151, 35.341975646611395], [49, 11.832874219220013], [13, 3.988473896702466], [84, 20.990699480530786], [56, 14.170529614870418]]","[0, 0, 0, 0, 1]"
B03,nq_6p_a1_LTEy,"[0, 1, 1, 0, 0, 0]","[[1, 0], [0, 0], [0, 0], [0, 1], [1, 1], [1, 1], [1, 2], [2, 2], [2, 3], [3, 2], [2, 3], [3, 3], [3, 4], [4, 3], [3, 4], [4, 4], [4, 5], [5, 0], [0, 0], [0, 1], [1, 3], [3, 3]]","[[21, 4.567161207428127], [62, 12.303618978322172], [141, 28.49956795664246], [38, 7.194182693494952], [19, 3.639268297211828], [20, 4.121290588233293]]","[0, 1, 0, 0, 0, 0]"
B03,nq_6p_a3_MzA5,"[1, 0, 0, 1, 0, 1]","[[1, 2], [2, 0], [0, 1], [1, 0], [0, 1], [1, 2], [2, 2], [2, 2], [2, 2], [2, 2], [2, 3], [3, 2], [2, 3], [3, 3], [3, 3], [3, 4], [4, 4], [4, 4], [4, 5], [5, 4], [4, 5], [5, 5]]","[[38, 7.928674411253384], [17, 3.940237891306775], [32, 6.916503209816785], [56, 11.326677730361983], [53, 12.049657159959551], [45, 11.652018473680855]]","[0, 0, 0, 1, 0, 0]"
B03,nq_6p_a4_ODQz,"[0, 0, 0, 0, 1, 0]","[[0, 0], [0, 0], [0, 0], [0, 1], [1, 2], [2, 2], [2, 2], [2, 3], [3, 2], [2, 2], [2, 3], [3, 3], [3, 4], [4, 4], [4, 5], [5, 4], [4, 5], [5, 4]]","[[200, 48.570910653140835], [38, 8.20560410686899], [51, 10.748015952022257], [21, 4.638997916511798], [69, 15.350865832820986], [20, 4.482356428421795]]","[0, 0, 0, 0, 1, 0]"
B03,nq_6p_a5_LTkw,"[0, 0, 0, 0, 0, 1]","[[1, 0], [0, 0], [0, 0], [0, 0], [0, 0], [0, 0], [0, 0], [0, 1], [1, 1], [1, 0], [0, 1], [1, 2], [2, 1], [1, 2], [2, 1], [1, 2], [2, 1], [1, 3], [3, 2], [2, 3], [3, 4], [4, 3], [3, 3], [3, 4], [4, 5], [5, 5], [5, 5], [5, 4], [4, 5], [5, 5], [5, 5], [5, 5], [5, 5], [5, 5], [5, 4]]","[[46, 11.687453523478633], [32, 6.229292238802531], [37, 7.181157010302343], [21, 5.5666015751001225], [140, 31.604320198025256], [73, 16.446777380977665]]","[0, 0, 0, 0, 0, 1]"
B03,nq_7p_a1_Mzgy,"[1, 1, 0, 0, 0, 0, 0]","[[1, 0], [0, 0], [0, 1], [1, 1], [1, 1], [1, 2], [2, 1], [1, 2], [2, 3], [3, 4], [4, 4], [4, 4], [4, 3], [3, 4], [4, 5], [5, 5], [5, 5], [5, 4], [4, 5], [5, 5], [5, 6], [6, 6], [6, 5], [5, 4], [4, 3], [3, 2], [2, 3], [3, 2], [2, 1], [1, 2], [2, 1], [1, 1], [1, 1], [1, 0], [0, 0], [0, 1], [1, 2], [2, 3], [3, 5]]","[[44, 9.446900900022724], [39, 7.374366518895277], [42, 7.928648969661907], [53, 13.26662996291455], [40, 8.45883218343873], [85, 17.809336135501994], [25, 6.1332558139178275]]","[0, 1, 0, 0, 0, 0, 0]"
B03,nq_7p_a2_LTYz,"[0, 1, 1, 0, 0, 0, 0]","[[1, 0], [0, 1], [1, 1], [1, 2], [2, 2], [2, 2], [2, 2], [2, 2], [2, 3], [3, 3], [3, 4], [4, 4], [4, 5], [5, 5], [5, 4], [4, 4], [4, 3], [3, 4], [4, 5], [5, 5], [5, 5], [5, 5], [5, 6], [6, 3], [3, 2], [2, 1], [1, 0], [0, 0], [0, 3]]","[[30, 6.037326495154805], [35, 8.423335768689018], [55, 12.303613476153785], [48, 10.869597801655942], [32, 8.06181921209292], [33, 7.326735547014231], [36, 8.640245702646695]]","[0, 0, 1, 0, 0, 0, 0]"
B03,nq_7p_a5_NTE0,"[0, 0, 0, 0, 0, 1, 0]","[[1, 0], [0, 1], [1, 0], [0, 1], [1, 2], [2, 2], [2, 1], [1, 2], [2, 2], [2, 3], [3, 2], [2, 3], [3, 3], [3, 4], [4, 2], [2, 3], [3, 4], [4, 3], [3, 4], [4, 5], [5, 4], [4, 5], [5, 5], [5, 5], [5, 5], [5, 4], [4, 5], [5, 5], [5, 5], [5, 5], [5, 6]]","[[88, 19.182062768442886], [35, 7.940313671107946], [46, 11.856249851851615], [70, 16.82045202559447], [47, 10.530856067599956], [118, 26.736807338677593], [43, 10.446512826783945]]","[0, 0, 0, 0, 0, 1, 0]"
B04,nq_5p_a0_LTcw,"[0, 1, 0, 0, 1]","[[1, 0], [0, 0], [0, 1], [1, 0], [0, 1], [1, 2], [2, 3], [3, 4], [4, 3], [3, 4], [4, 4], [4, 4], [4, 3], [3, 2], [2, 1], [1, 0], [0, 0], [0, 1], [1, 4]]","[[87, 21.880918951556044], [82, 21.290519706717824], [78, 18.880726870643358], [35, 7.398064006748541], [50, 13.904504664149655]]","[1, 0, 0, 0, 0]"
B04,nq_5p_a0_LTIz,"[1, 0, 0, 0, 0]","[[0, 1], [1, 2], [2, 2], [2, 3], [3, 4]]","[[56, 12.98013256527245], [25, 4.664170197549154], [48, 10.413031138714391], [16, 3.109446798366122], [28, 5.712704583044712]]","[1, 0, 0, 0, 0]"
B04,nq_5p_a2_MTgz,"[0, 1, 0, 0, 0]","[[1, 0], [0, 1], [1, 2], [2, 3], [3, 4], [4, 4], [4, 4], [4, 4], [4, 3]]","[[56, 14.352719233581423], [46, 9.54437752560578], [12, 2.5066041986439522], [30, 6.411122277300848], [13, 2.5186551803681922]]","[0, 0, 1, 0, 0]"
B04,nq_5p_a3_LTYx,"[0, 0, 0, 1, 0]","[[0, 0], [0, 0], [0, 1], [1, 0], [0, 1], [1, 2], [2, 3], [3, 2], [2, 3], [3, 4], [4, 3], [3, 2], [2, 1], [1, 2], [2, 2], [2, 3], [3, 4], [4, 4], [4, 4]]","[[54, 12.736300021396875], [8, 1.988164147143321], [83, 18.55619870667094], [104, 21.436024350108895], [44, 9.350396231413391]]","[0, 0, 0, 1, 0]"
B04,nq_5p_a4_LTI3,"[0, 0, 0, 0, 1]","[[0, 0], [0, 1], [1, 1], [1, 0], [0, 1], [1, 2], [2, 3], [3, 4], [4, 4], [4, 4], [4, 3]]","[[48, 11.485099401743472], [26, 6.098069566927808], [8, 1.9523463830875727], [41, 9.303774121874032], [47, 10.219689709001493]]","[0, 0, 0, 0, 1]"
B04,nq_6p_a1_LTEy,"[0, 1, 1, 0, 0, 0]","[[0, 0], [0, 1], [1, 1], [1, 2], [2, 3], [3, 4], [4, 4], [4, 4], [4, 5]]","[[13, 3.5307060149829796], [45, 9.290697397787962], [72, 16.56901286894745], [39, 8.48333458890108], [21, 4.687524368014927], [13, 2.3979880443058477]]","[0, 1, 0, 0, 0, 0]"
B04,nq_6p_a3_MzA5,"[0, 0, 0, 1, 0, 0]","[[1, 0], [0, 1], [1, 2], [2, 1], [1, 2], [2, 3], [3, 4], [4, 5], [5, 5], [5, 5], [5, 5], [5, 5], [5, 4]]","[[30, 6.53173647081436], [22, 4.2420133537392175], [32, 6.170201241802502], [54, 11.12323387926503], [40, 8.72505019348636], [86, 20.233921650364017]]","[0, 0, 0, 1, 0, 0]"
B04,nq_6p_a4_ODQz,"[0, 0, 0, 0, 0, 0]","[[0, 1], [1, 1], [1, 2], [2, 3], [3, 4], [4, 5], [5, 5], [5, 5], [5, 4], [4, 4]]","[[146, 30.653436238106774], [40, 7.422372925579275], [48, 10.26600930615841], [35, 7.771802819802943], [58, 14.62785833060596], [49, 12.495131045171675]]","[0, 0, 0, 0, 1, 0]"
B04,nq_6p_a5_LTkw,"[0, 0, 0, 0, 0, 1]","[[0, 0], [0, 1], [1, 0], [0, 1], [1, 2], [2, 2], [2, 3], [3, 4], [4, 5], [5, 5]]","[[43, 9.338812501195942], [42, 8.736308468860729], [26, 5.964789920118697], [18, 4.16932790375974], [58, 12.122381130584643], [25, 5.796088791064854]]","[0, 0, 0, 0, 0, 1]"
B04,nq_7p_a1_Mzgy,"[0, 1, 0, 0, 0, 0, 0]","[[1, 0], [0, 1], [1, 2], [2, 3], [3, 2], [2, 0], [0, 1], [1, 2], [2, 3], [3, 2], [2, 3], [3, 3], [3, 4], [4, 5], [5, 4], [4, 5], [5, 4], [4, 5], [5, 6], [6, 6], [6, 5]]","[[28, 6.08626978672247], [32, 7.894072693669729], [17, 4.218206782876958], [37, 7.508408073520972], [34, 8.291789333198125], [9, 2.494768011587219], [5, 1.4703463643171162]]","[0, 1, 0, 0, 0, 0, 0]"
B04,nq_7p_a2_LTYz,"[0, 0, 1, 0, 0, 0, 0]","[[0, 1], [1, 2], [2, 3], [3, 2], [2, 3], [3, 3], [3, 4], [4, 4], [4, 4], [4, 5], [5, 6], [6, 6], [6, 6]]","[[58, 12.990473132798071], [52, 11.978228473099524], [42, 8.941494494003884], [26, 5.736053071625108], [23, 4.109231297109623], [15, 3.229542485704904], [23, 3.807968005532679]]","[0, 0, 1, 0, 0, 0, 0]"
B04,nq_7p_a5_NTE0,"[0, 0, 0, 0, 0, 1, 0]","[[0, 1], [1, 2], [2, 3], [3, 4], [4, 5], [5, 5], [5, 6], [6, 6], [6, 6], [6, 6], [6, 3], [3, 2], [2, 0], [0, 0], [0, 1], [1, 0], [0, 1], [1, 2], [2, 1], [1, 0]]","[[66, 16.796457116169464], [67, 18.603823376876356], [70, 18.56767605166211], [75, 18.459234076019726], [64, 17.941122414617155], [72, 18.459234076019854], [69, 15.037287289081277]]","[0, 0, 0, 0, 0, 1, 0]"
B05,nq_5p_a0_LTcw,"[1, 1, 0, 0, 0]","[[0, 0], [0, 0], [0, 1], [1, 1], [1, 0], [0, 1], [1, 1], [1, 2], [2, 2], [2, 2], [2, 2], [2, 2], [2, 2], [2, 3], [3, 2], [2, 3], [3, 3], [3, 3], [3, 3], [3, 4], [4, 4]]","[[80, 18.918006525436056], [79, 19.231298353245823], [119, 29.22048778610349], [44, 9.663847919362851], [57, 12.495524055335721]]","[1, 0, 0, 0, 0]"
B05,nq_5p_a0_LTIz,"[1, 0, 0, 0, 0]","[[0, 0], [0, 1], [1, 2], [2, 2], [2, 2], [2, 3], [3, 4], [4, 4]]","[[102, 24.037699394460084], [74, 20.459154672578073], [103, 23.832866868291703], [72, 16.832414062185876], [103, 21.79659057873603]]","[1, 0, 0, 0, 0]"
B05,nq_5p_a2_MTgz,"[0, 1, 1, 0, 0]","[[1, 0], [0, 1], [1, 2], [2, 2], [2, 2], [2, 3], [3, 2], [2, 3], [3, 3], [3, 3], [3, 3], [3, 4], [4, 4], [4, 4], [4, 4]]","[[68, 16.51963893958712], [152, 38.37713349568561], [37, 8.976754930701944], [102, 23.76128956153603], [24, 5.374003622943675]]","[0, 0, 1, 0, 0]"
B05,nq_5p_a3_LTYx,"[0, 0, 0, 1, 0]","[[0, 1], [1, 0], [0, 1], [1, 2], [2, 3], [3, 3], [3, 4], [4, 4]]","[[97, 23.435141851262344], [57, 13.024878324531922], [100, 26.23049039084735], [101, 22.543522058463665], [54, 11.241638738934611]]","[0, 0, 0, 1, 0]"
B05,nq_5p_a4_LTI3,"[0, 1, 0, 0, 0]","[[0, 0], [0, 1], [1, 1], [1, 2], [2, 1], [1, 2], [2, 2], [2, 1], [1, 2], [2, 2], [2, 2], [2, 1], [1, 2], [2, 3], [3, 3], [3, 3], [3, 4], [4, 3], [3, 4], [4, 4], [4, 3], [3, 3], [3, 3], [3, 2], [2, 2], [2, 3], [3, 4]]","[[161, 41.21961013232779], [105, 22.60391365338984], [39, 8.434296139324559], [45, 9.856077488524974], [31, 6.9281718287309815]]","[0, 0, 0, 0, 1]"
B05,nq_6p_a1_LTEy,"[0, 1, 1, 0, 0, 0]","[[0, 0], [0, 1], [1, 2], [2, 1], [1, 2], [2, 1], [1, 2], [2, 2], [2, 2], [2, 3], [3, 2], [2, 3], [3, 2], [2, 3], [3, 4], [4, 4], [4, 5]]","[[14, 2.5666204335814755], [118, 26.485594896770344], [111, 26.48559489677038], [60, 14.86952870910585], [28, 5.5067865640691736], [43, 9.639888952418673]]","[0, 1, 0, 0, 0, 0]"
B05,nq_6p_a3_MzA5,"[0, 0, 0, 1, 0, 0]","[[1, 0], [0, 0], [0, 1], [1, 1], [1, 2], [2, 1], [1, 2], [2, 1], [1, 2], [2, 0], [0, 2], [2, 0], [0, 2], [2, 0], [0, 2], [2, 0], [0, 2], [2, 3], [3, 2], [2, 3], [3, 4], [4, 4], [4, 5], [5, 4], [4, 5]]","[[64, 14.555167658135165], [89, 27.315037318702323], [82, 18.061420794325045], [112, 28.375347545453934], [72, 16.736033010885507], [31, 5.193110315112733]]","[0, 0, 0, 1, 0, 0]"
B05,nq_6p_a4_ODQz,"[0, 0, 0, 0, 1, 0]","[[0, 1], [1, 1], [1, 2], [2, 3], [3, 4], [4, 3], [3, 4], [4, 5]]","[[122, 28.243156928599664], [76, 17.50738353978467], [68, 15.54337561343592], [33, 6.398087171111868], [79, 19.206310641718417], [44, 9.675450091154275]]","[0, 0, 0, 0, 1, 0]"
B05,nq_6p_a5_LTkw,"[0, 0, 0, 0, 0, 1]","[[1, 0], [0, 0], [0, 1], [1, 1], [1, 2], [2, 2], [2, 3], [3, 3], [3, 4], [4, 4], [4, 4], [4, 4], [4, 5]]","[[66, 15.13357535859062], [63, 15.398653907865317], [63, 17.061419353315557], [49, 12.049024967030682], [131, 28.84536577107167], [37, 8.012601603075467]]","[0, 0, 0, 0, 0, 1]"
B05,nq_7p_a1_Mzgy,"[0, 0, 0, 0, 0, 0, 0]","[[1, 0], [0, 1], [1, 2], [2, 3], [3, 2], [2, 3], [3, 4], [4, 4], [4, 4], [4, 5], [5, 5], [5, 6], [6, 5], [5, 6], [6, 6], [6, 5], [5, 6]]","[[38, 7.615151799249443], [100, 22.07430078516612], [77, 16.374986226550647], [90, 21.08625893779513], [31, 7.145229457207122], [76, 17.097943675846494], [14, 2.5424003633570322]]","[0, 1, 0, 0, 0, 0, 0]"
B05,nq_7p_a2_LTYz,"[0, 0, 1, 0, 0, 0, 0]","[[0, 0], [0, 1], [1, 0], [0, 1], [1, 1], [1, 1], [1, 0], [0, 1], [1, 1], [1, 0], [0, 1], [1, 0], [0, 1], [1, 2], [2, 1], [1, 2], [2, 2], [2, 2], [2, 3], [3, 2], [2, 3], [3, 3], [3, 4], [4, 3], [3, 4], [4, 5], [5, 4], [4, 5], [5, 5], [5, 6], [6, 6]]","[[153, 39.24297287267293], [100, 23.675910867301944], [128, 29.278607332083297], [79, 17.759945352876898], [33, 6.650942900127575], [79, 21.96497990386331], [62, 16.241795343065178]]","[0, 0, 1, 0, 0, 0, 0]"
B05,nq_7p_a5_NTE0,"[0, 0, 0, 0, 0, 1, 0]","[[1, 0], [0, 0], [0, 1], [1, 2], [2, 3], [3, 2], [2, 3], [3, 2], [2, 3], [3, 3], [3, 1], [1, 0], [0, 0], [0, 2], [2, 3], [3, 0], [0, 2], [2, 3], [3, 4], [4, 3], [3, 4], [4, 3], [3, 4], [4, 4], [4, 5], [5, 6], [6, 5], [5, 6], [6, 6], [6, 6], [6, 6], [6, 6], [6, 6]]","[[61, 13.699493896606592], [43, 11.048756291282526], [88, 23.61566230197795], [125, 30.218408700694276], [62, 14.940521048190107], [122, 28.941235127219883], [79, 17.66355149729577]]","[0, 0, 0, 0, 0, 1, 0]"
B06,nq_5p_a0_LTcw,"[1, 1, 0, 0, 1]","[[0, 0], [0, 0], [0, 0], [0, 0], [0, 1], [1, 2], [2, 1], [1, 2], [2, 3], [3, 3], [3, 4], [4, 3], [3, 4], [4, 4]]","[[57, 16.122109965019426], [80, 21.652788944050705], [94, 26.1231198835292], [51, 14.146006800398169], [84, 24.171115537988726]]","[1, 0, 0, 0, 0]"
B06,nq_5p_a0_LTIz,"[1, 0, 0, 0, 0]","[[0, 1], [1, 2], [2, 3], [3, 3], [3, 4], [4, 4], [4, 4], [4, 4]]","[[49, 9.832865812985693], [27, 5.446636455232277], [65, 15.315652510177447], [35, 7.3143989564734255], [28, 6.519093633364271]]","[1, 0, 0, 0, 0]"
B06,nq_5p_a2_MTgz,"[1, 1, 0, 1, 0]","[[0, 0], [0, 1], [1, 0], [0, 1], [1, 1], [1, 1], [1, 2], [2, 2], [2, 3], [3, 3], [3, 4], [4, 3], [3, 4]]","[[28, 7.566986091966303], [72, 19.086156002666606], [11, 3.0846312731582373], [48, 12.13368629714978], [27, 7.964614342021868]]","[0, 0, 1, 0, 0]"
B06,nq_5p_a3_LTYx,"[1, 0, 0, 1, 0]","[[0, 0], [0, 1], [1, 2], [2, 3], [3, 4], [4, 3], [3, 4], [4, 4], [4, 3]]","[[70, 19.893203885807807], [51, 12.964922702077036], [75, 18.037629447034725], [83, 21.074023983208853], [53, 11.83229934334544]]","[0, 0, 0, 1, 0]"
B06,nq_5p_a4_LTI3,"[1, 0, 0, 1, 1]","[[0, 0], [0, 1], [1, 2], [2, 3], [3, 4], [4, 4], [4, 3], [3, 4], [4, 4]]","[[123, 36.05065753460175], [54, 15.18176086015982], [23, 6.132949426842387], [71, 20.989386839998815], [59, 17.326485807071336]]","[0, 0, 0, 0, 1]"
B06,nq_6p_a1_LTEy,"[0, 1, 0, 0, 0, 0]","[[1, 0], [0, 1], [1, 2], [2, 3], [3, 3], [3, 4], [4, 3], [3, 4], [4, 4], [4, 3], [3, 4], [4, 5], [5, 5]]","[[18, 4.711324276062078], [51, 14.905135881045496], [35, 7.2296536205556166], [33, 6.771775557920435], [20, 3.723271614586146], [13, 2.180945508867609]]","[0, 1, 0, 0, 0, 0]"
B06,nq_6p_a3_MzA5,"[1, 0, 0, 1, 0, 0]","[[0, 0], [0, 1], [1, 0], [0, 0], [0, 1], [1, 2], [2, 0], [0, 2], [2, 3], [3, 4], [4, 4], [4, 5], [5, 5], [5, 5]]","[[27, 6.386639613371634], [33, 6.953001994180049], [51, 13.182988183072762], [60, 13.267340027022989], [95, 21.377167309662752], [40, 11.27904656248279]]","[0, 0, 0, 1, 0, 0]"
B06,nq_6p_a4_ODQz,"[1, 1, 1, 1, 1, 1]","[[0, 0], [0, 1], [1, 2], [2, 3], [3, 4], [4, 5], [5, 4], [4, 5], [5, 5]]","[[138, 37.2791748952129], [72, 17.663629733801535], [82, 24.12181904984358], [35, 8.867961448893524], [71, 18.398610234321296], [40, 9.627039670741752]]","[0, 0, 0, 0, 1, 0]"
B06,nq_6p_a5_LTkw,"[0, 0, 0, 0, 0, 1]","[[0, 0], [0, 0], [0, 0], [0, 1], [1, 0], [0, 1], [1, 2], [2, 2], [2, 3], [3, 3], [3, 4], [4, 4], [4, 4], [4, 5], [5, 5], [5, 5]]","[[49, 13.374495827069993], [71, 17.615777386645373], [30, 6.795689771592336], [35, 8.530759500509518], [109, 27.59242832791915], [18, 3.687023173949001]]","[0, 0, 0, 0, 0, 1]"
B06,nq_7p_a1_Mzgy,"[1, 1, 0, 0, 0, 0, 1]","[[1, 0], [0, 1], [1, 2], [2, 2], [2, 3], [3, 3], [3, 3], [3, 4], [4, 4], [4, 4], [4, 5], [5, 4], [4, 5], [5, 4], [4, 5], [5, 6], [6, 6], [6, 6], [6, 6], [6, 5]]","[[29, 6.434438272732407], [50, 12.53149026899196], [27, 6.4103392529843255], [34, 6.747725529457206], [34, 7.796032888497869], [16, 3.5064073733429453], [13, 2.674991192034824]]","[0, 1, 0, 0, 0, 0, 0]"
B06,nq_7p_a2_LTYz,"[0, 0, 1, 0, 0, 0, 0]","[[1, 0], [0, 0], [0, 1], [1, 2], [2, 3], [3, 4], [4, 4], [4, 3], [3, 4], [4, 5], [5, 5], [5, 5], [5, 6], [6, 6], [6, 6]]","[[64, 20.641071434393552], [63, 14.772885918602784], [59, 13.013635230090557], [39, 7.6515355288032225], [33, 8.302217290307723], [17, 3.361855767773406], [28, 5.410298350287661]]","[0, 0, 1, 0, 0, 0, 0]"
B06,nq_7p_a5_NTE0,"[1, 1, 1, 1, 1, 1, 1]","[[0, 0], [0, 0], [0, 1], [1, 2], [2, 3], [3, 4], [4, 3], [3, 4], [4, 5], [5, 6], [6, 5], [5, 6], [6, 6]]","[[63, 21.159131063975607], [38, 8.362435625512028], [54, 12.037569437876797], [76, 16.411581155543786], [52, 12.567752676381858], [66, 17.700890394635636], [57, 15.39941315476122]]","[0, 0, 0, 0, 0, 1, 0]"
B07,nq_5p_a0_LTcw,"[1, 0, 1, 0, 0]","[[0, 0], [0, 1], [1, 2], [2, 2], [2, 2], [2, 2], [2, 3], [3, 4]]","[[59, 18.314649862496193], [88, 27.423778346737755], [112, 37.545032218117186], [99, 33.40013777555224], [59, 12.555174445211208]]","[1, 0, 0, 0, 0]"
B07,nq_5p_a0_LTIz,"[1, 0, 1, 0, 0]","[[0, 0], [0, 0], [0, 1], [1, 1], [1, 0], [0, 1], [1, 1], [1, 2], [2, 3], [3, 3], [3, 3], [3, 4], [4, 3], [3, 4]]","[[117, 36.726592691588976], [60, 14.061658028570982], [90, 28.436600640469152], [88, 24.496444534777098], [95, 28.171513685345957]]","[1, 0, 0, 0, 0]"
B07,nq_5p_a2_MTgz,"[0, 1, 0, 0, 1]","[[0, 0], [0, 0], [0, 0], [0, 1], [1, 2], [2, 2], [2, 3], [3, 4]]","[[33, 10.182143287145884], [120, 35.474828209890504], [68, 17.074671050752308], [107, 30.775377461977058], [31, 7.013026500732394]]","[0, 0, 1, 0, 0]"
B07,nq_5p_a3_LTYx,"[1, 0, 0, 0, 0]","[[0, 0], [0, 0], [0, 0], [0, 1], [1, 2], [2, 1], [1, 2], [2, 3], [3, 4], [4, 3], [3, 4], [4, 4], [4, 4], [4, 4]]","[[96, 29.95462928880341], [77, 22.917821764804557], [91, 24.351691791098787], [130, 36.12388520025431], [79, 23.66488009783194]]","[0, 0, 0, 1, 0]"
B07,nq_5p_a4_LTI3,"[1, 0, 0, 0, 0]","[[0, 0], [0, 1], [1, 2], [2, 2], [2, 2], [2, 3], [3, 2], [2, 3], [3, 4], [4, 4]]","[[128, 37.70135731173218], [58, 19.567594846357665], [25, 7.349897078989045], [71, 21.844858039683743], [62, 17.67590002438834]]","[0, 0, 0, 0, 1]"
B07,nq_6p_a1_LTEy,"[0, 1, 0, 0, 0, 0]","[[1, 0], [0, 0], [0, 0], [0, 0], [0, 1], [1, 1], [1, 1], [1, 2], [2, 3], [3, 2], [2, 3], [3, 4], [4, 5], [5, 4], [4, 4], [4, 5]]","[[28, 8.17014959711074], [88, 20.280769575128865], [89, 23.221059400637728], [31, 6.892810574553678], [29, 6.362594376511041], [19, 4.253779952478055]]","[0, 1, 0, 0, 0, 0]"
B07,nq_6p_a3_MzA5,"[1, 0, 0, 1, 0, 0]","[[0, 1], [1, 2], [2, 2], [2, 2], [2, 3], [3, 4], [4, 3], [3, 4], [4, 3], [3, 4], [4, 5], [5, 5]]","[[23, 5.313717070015732], [65, 19.013708699512105], [74, 21.748887327388687], [126, 36.94298534391893], [116, 31.400332617825427], [46, 13.218021827227375]]","[0, 0, 0, 1, 0, 0]"
B07,nq_6p_a4_ODQz,"[0, 0, 0, 0, 1, 0]","[[0, 0], [0, 0], [0, 1], [1, 1], [1, 1], [1, 2], [2, 3], [3, 3], [3, 4], [4, 5], [5, 5]]","[[116, 27.01468971888583], [90, 25.339827153798815], [97, 30.858439058905645], [54, 16.19435458616522], [84, 25.78565387975732], [42, 8.711695212646873]]","[0, 0, 0, 0, 1, 0]"
B07,nq_6p_a5_LTkw,"[0, 0, 0, 0, 0, 1]","[[1, 0], [0, 0], [0, 1], [1, 2], [2, 1], [1, 2], [2, 3], [3, 3], [3, 4], [4, 4], [4, 5], [5, 5], [5, 5]]","[[60, 15.965198940631476], [102, 34.43663288477342], [82, 27.29145328341913], [58, 19.640206998663643], [149, 47.61846506669863], [30, 6.807801812420223]]","[0, 0, 0, 0, 0, 1]"
B07,nq_7p_a1_Mzgy,"[1, 1, 0, 0, 0, 0, 0]","[[0, 0], [0, 1], [1, 2], [2, 2], [2, 3], [3, 2], [2, 3], [3, 2], [2, 3], [3, 4], [4, 3], [3, 4], [4, 4], [4, 5], [5, 6], [6, 5], [5, 6]]","[[27, 5.627145708131374], [70, 16.760941498952338], [53, 11.820620855839117], [87, 18.785268006374302], [22, 3.9281573894021875], [63, 17.24292400071947], [21, 3.7474139512395936]]","[0, 1, 0, 0, 0, 0, 0]"
B07,nq_7p_a2_LTYz,"[0, 0, 1, 0, 0, 0, 0]","[[1, 0], [0, 1], [1, 2], [2, 3], [3, 2], [2, 2], [2, 3], [3, 4], [4, 3], [3, 4], [4, 4], [4, 5], [5, 4], [4, 5], [5, 4], [4, 5], [5, 5], [5, 6]]","[[47, 11.422352944321657], [75, 22.302505590653336], [110, 32.399480028777425], [68, 18.904717056582967], [27, 6.132887815041897], [41, 10.494587989983259], [85, 19.32642839946402]]","[0, 0, 1, 0, 0, 0, 0]"
B07,nq_7p_a5_NTE0,"[1, 0, 0, 1, 1, 1, 1]","[[1, 0], [0, 0], [0, 1], [1, 2], [2, 2], [2, 2], [2, 3], [3, 3], [3, 4], [4, 4], [4, 5], [5, 5], [5, 5], [5, 5], [5, 6], [6, 6]]","[[51, 14.736231433978748], [49, 12.531218880897697], [65, 18.760680574574742], [123, 34.533147416012234], [65, 22.95381920010584], [68, 19.58002950140269], [73, 19.543881754630974]]","[0, 0, 0, 0, 0, 1, 0]"
B08,nq_5p_a0_LTcw,"[1, 1, 0, 0, 0]","[[1, 0], [0, 0], [0, 1], [1, 1], [1, 2], [2, 2], [2, 3], [3, 4], [4, 3], [3, 4], [4, 4], [4, 4], [4, 3]]","[[74, 15.654500581132861], [29, 5.471241927509098], [46, 10.617101625849102], [20, 4.68791433876882], [62, 15.570142225422408]]","[1, 0, 0, 0, 0]"
B08,nq_5p_a0_LTIz,"[1, 0, 0, 0, 0]","[[0, 1], [1, 2], [2, 3], [3, 2], [2, 3], [3, 4], [4, 3], [3, 4]]","[[34, 6.6047507808143076], [5, 1.0365119838504224], [69, 15.13789595018752], [21, 4.2545201197581335], [13, 3.1095359515512726]]","[1, 0, 0, 0, 0]"
B08,nq_5p_a2_MTgz,"[0, 1, 1, 1, 0]","[[0, 0], [0, 1], [1, 2], [2, 2], [2, 1], [1, 2], [2, 1], [1, 2], [2, 3], [3, 4]]","[[30, 5.8084255292236], [74, 17.557834016760943], [38, 8.38727005879591], [41, 10.050263260108878], [10, 2.072716163955292]]","[0, 0, 1, 0, 0]"
B08,nq_5p_a3_LTYx,"[0, 0, 0, 1, 0]","[[0, 0], [0, 1], [1, 0], [0, 0], [0, 1], [1, 2], [2, 2], [2, 3], [3, 4], [4, 4]]","[[45, 9.399795919762063], [37, 7.809061225648479], [39, 8.013928572617658], [15, 3.241724490276944], [13, 2.193285714611136]]","[0, 0, 0, 1, 0]"
B08,nq_5p_a4_LTI3,"[0, 0, 0, 0, 1]","[[0, 0], [0, 0], [0, 1], [1, 2], [2, 3], [3, 4]]","[[109, 24.681296124054644], [25, 5.374930698890818], [19, 3.6877327216605096], [15, 3.0008021166453247], [9, 2.6754139353223394]]","[0, 0, 0, 0, 1]"
B08,nq_6p_a1_LTEy,"[0, 1, 0, 0, 0, 0]","[[1, 0], [0, 0], [0, 1], [1, 2], [2, 3], [3, 4], [4, 5], [5, 5], [5, 4]]","[[10, 1.6872052808778473], [38, 8.472180803265193], [85, 18.089250904268937], [5, 1.325661292118312], [10, 1.8559258089656154], [3, 0.5664189157232826]]","[0, 1, 0, 0, 0, 0]"
B08,nq_6p_a3_MzA5,"[0, 0, 0, 1, 0, 0]","[[1, 0], [0, 0], [0, 1], [1, 0], [0, 1], [1, 2], [2, 1], [1, 2], [2, 3], [3, 4], [4, 5], [5, 5], [5, 5], [5, 4]]","[[9, 1.4703064560503412], [24, 4.543487983040809], [29, 5.507623364057417], [28, 5.772760593836981], [28, 6.242776592082585], [10, 1.892115685245109]]","[0, 0, 0, 1, 0, 0]"
B08,nq_6p_a4_ODQz,"[0, 0, 0, 0, 1, 0]","[[0, 1], [1, 2], [2, 3], [3, 4], [4, 5], [5, 5]]","[[37, 7.435742708365231], [42, 8.375755562907358], [34, 7.315228239834184], [20, 3.434662353134655], [38, 7.50805138948386], [36, 6.905479046828631]]","[0, 0, 0, 0, 1, 0]"
B08,nq_6p_a5_LTkw,"[0, 0, 0, 0, 0, 1]","[[1, 0], [0, 1], [1, 2], [2, 3], [3, 4], [4, 5]]","[[33, 6.375981694420554], [27, 6.568828021662006], [5, 1.1932366498064972], [15, 2.7962717450010786], [61, 11.582832529939793], [17, 3.2663346676521243]]","[0, 0, 0, 0, 0, 1]"
B08,nq_7p_a1_Mzgy,"[1, 1, 0, 0, 0, 0, 0]","[[1, 0], [0, 0], [0, 1], [1, 2], [2, 2], [2, 3], [3, 2], [2, 3], [3, 4], [4, 3], [3, 4], [4, 3], [3, 4], [4, 4], [4, 3], [3, 4], [4, 5], [5, 6], [6, 6], [6, 6], [6, 6]]","[[30, 6.050035636216172], [47, 8.785808722712325], [24, 5.037679075574431], [37, 7.52036302191015], [29, 5.917465134227378], [24, 5.290768215734822], [22, 4.55560452288784]]","[0, 1, 0, 0, 0, 0, 0]"
B08,nq_7p_a2_LTYz,"[0, 0, 1, 0, 0, 0, 0]","[[0, 1], [1, 0], [0, 1], [1, 2], [2, 3], [3, 3], [3, 3], [3, 4], [4, 5], [5, 6], [6, 5], [5, 6], [6, 6]]","[[31, 6.5432722563551495], [62, 12.074325600124972], [30, 5.952811224013718], [27, 5.109295463525935], [39, 7.5795916192401265], [24, 5.277998615623488], [28, 6.41071977970708]]","[0, 0, 1, 0, 0, 0, 0]"
B08,nq_7p_a5_NTE0,"[0, 0, 0, 0, 0, 1, 0]","[[0, 0], [0, 1], [1, 0], [0, 1], [1, 2], [2, 3], [3, 4], [4, 5], [5, 5], [5, 6], [6, 5], [5, 6]]","[[43, 9.688292984688443], [3, 0.7712074017662456], [6, 1.3978134157013198], [5, 1.2050115652597544], [6, 1.3857633000487226], [75, 16.508658444058693], [5, 0.7471071704610424]]","[0, 0, 0, 0, 0, 1, 0]"
B09,nq_5p_a0_LTcw,"[0, 1, 0, 0, 1]","[[0, 0], [0, 1], [1, 1], [1, 1], [1, 2], [2, 1], [1, 2], [2, 3], [3, 3], [3, 3], [3, 3], [3, 4], [4, 3], [3, 4], [4, 4], [4, 4], [4, 4]]","[[62, 18.074166103389935], [87, 25.255634768470177], [100, 34.545756145612636], [67, 18.917627188214766], [96, 27.52093025342849]]","[1, 0, 0, 0, 0]"
B09,nq_5p_a0_LTIz,"[1, 0, 1, 0, 0]","[[0, 0], [0, 1], [1, 1], [1, 1], [1, 0], [0, 1], [1, 1], [1, 1], [1, 1], [1, 2], [2, 3], [3, 2], [2, 3], [3, 3], [3, 2], [2, 3], [3, 4], [4, 3], [3, 4], [4, 3], [3, 4], [4, 4], [4, 4], [4, 4], [4, 4], [4, 3], [3, 4]]","[[103, 37.61717692980761], [99, 28.78521322399439], [142, 46.60577846396396], [122, 34.70130350988018], [140, 41.21984698170115]]","[1, 0, 0, 0, 0]"
B09,nq_5p_a2_MTgz,"[0, 1, 1, 0, 0]","[[1, 0], [0, 0], [0, 0], [0, 0], [0, 0], [0, 1], [1, 1], [1, 2], [2, 2], [2, 1], [1, 2], [2, 1], [1, 2], [2, 3], [3, 3], [3, 3], [3, 3], [3, 3], [3, 4], [4, 3], [3, 4], [4, 3], [3, 3]]","[[60, 20.06107078802806], [139, 45.387419614715654], [44, 12.181226766784661], [144, 43.44758033731465], [36, 9.73534246049644]]","[0, 0, 1, 0, 0]"
B09,nq_5p_a3_LTYx,"[1, 0, 0, 1, 0]","[[0, 0], [0, 0], [0, 1], [1, 1], [1, 1], [1, 2], [2, 2], [2, 1], [1, 2], [2, 2], [2, 3], [3, 3], [3, 3], [3, 3], [3, 4], [4, 4], [4, 4], [4, 4], [4, 4], [4, 4], [4, 3], [3, 3], [3, 4], [4, 3], [3, 4], [4, 4], [4, 4]]","[[121, 36.495238641065775], [70, 23.27791385095381], [117, 38.06155789604709], [147, 45.712425026148466], [95, 28.615447927544096]]","[0, 0, 0, 1, 0]"
B09,nq_5p_a4_LTI3,"[0, 0, 0, 0, 1]","[[0, 0], [0, 0], [0, 0], [0, 1], [1, 1], [1, 1], [1, 1], [1, 2], [2, 1], [1, 2], [2, 2], [2, 2], [2, 3], [3, 3], [3, 3], [3, 3], [3, 3], [3, 3], [3, 2], [2, 3], [3, 4], [4, 3], [3, 4], [4, 3], [3, 4], [4, 3], [3, 4], [4, 3]]","[[191, 62.53407463376911], [52, 16.73599800892201], [23, 8.8559816677881], [125, 39.412130660319534], [77, 23.893077071052858]]","[0, 0, 0, 0, 1]"
B09,nq_6p_a1_LTEy,"[0, 1, 1, 0, 0, 0]","[[1, 0], [0, 0], [0, 0], [0, 0], [0, 1], [1, 1], [1, 1], [1, 0], [0, 1], [1, 1], [1, 0], [0, 1], [1, 2], [2, 2], [2, 2], [2, 2], [2, 3], [3, 3], [3, 4], [4, 3], [3, 4], [4, 3], [3, 4], [4, 3], [3, 4], [4, 4], [4, 4], [4, 5], [5, 5], [5, 2]]","[[43, 10.494779743854455], [95, 29.652873650546333], [118, 33.508590663213994], [95, 26.869527932026998], [39, 11.374365187369165], [67, 17.435070366656078]]","[0, 1, 0, 0, 0, 0]"
B09,nq_6p_a3_MzA5,"[1, 0, 0, 1, 0, 0]","[[0, 0], [0, 0], [0, 0], [0, 1], [1, 2], [2, 2], [2, 2], [2, 3], [3, 3], [3, 3], [3, 3], [3, 4], [4, 4], [4, 5], [5, 5], [5, 4]]","[[27, 7.663341373123025], [49, 16.483413519547632], [54, 18.616135882822434], [95, 25.207091434863877], [85, 23.64068517935125], [32, 9.145402676415571]]","[0, 0, 0, 1, 0, 0]"
B09,nq_6p_a4_ODQz,"[0, 0, 0, 0, 1, 0]","[[0, 0], [0, 0], [0, 1], [1, 1], [1, 1], [1, 2], [2, 1], [1, 2], [2, 3], [3, 3], [3, 4], [4, 3], [3, 4], [4, 4], [4, 5], [5, 5], [5, 3]]","[[132, 39.931446851446566], [78, 21.54418436040632], [79, 22.929856173295974], [34, 12.037270791971935], [84, 24.70110622977228], [41, 10.760042860091005]]","[0, 0, 0, 0, 1, 0]"
B09,nq_6p_a5_LTkw,"[0, 0, 0, 0, 0, 1]","[[1, 0], [0, 0], [0, 0], [0, 0], [0, 0], [0, 0], [0, 1], [1, 1], [1, 1], [1, 2], [2, 2], [2, 2], [2, 2], [2, 3], [3, 3], [3, 3], [3, 3], [3, 4], [4, 4], [4, 5], [5, 5], [5, 5]]","[[68, 21.61511059053527], [104, 35.687824731976306], [75, 23.542879651006587], [70, 21.8199360532103], [155, 45.31462147770529], [54, 16.133017324819832]]","[0, 0, 0, 0, 0, 1]"
B09,nq_7p_a1_Mzgy,"[1, 1, 0, 0, 0, 0, 0]","[[1, 0], [0, 0], [0, 0], [0, 1], [1, 1], [1, 1], [1, 2], [2, 2], [2, 2], [2, 3], [3, 3], [3, 3], [3, 4], [4, 5], [5, 4], [4, 4], [4, 4], [4, 5], [5, 6], [6, 5], [5, 5], [5, 5], [5, 6], [6, 6], [6, 6], [6, 6], [6, 6], [6, 6], [6, 5], [5, 4], [4, 6], [6, 6]]","[[40, 11.79568963218303], [85, 28.784374393549804], [70, 21.446708422151076], [111, 35.929260963401276], [67, 17.25375643849445], [112, 33.44722616847811], [42, 10.711305498478708]]","[0, 1, 0, 0, 0, 0, 0]"
B09,nq_7p_a2_LTYz,"[0, 1, 1, 0, 0, 0, 0]","[[1, 0], [0, 0], [0, 0], [0, 0], [0, 1], [1, 1], [1, 1], [1, 0], [0, 1], [1, 2], [2, 2], [2, 1], [1, 2], [2, 3], [3, 3], [3, 3], [3, 4], [4, 4], [4, 4], [4, 5], [5, 5], [5, 6], [6, 6], [6, 6], [6, 6], [6, 6]]","[[103, 24.651753384977543], [111, 28.73628143850022], [101, 31.10988623656516], [88, 24.844533470099492], [57, 13.554849735141516], [60, 18.265913065310883], [85, 25.181898619062935]]","[0, 0, 1, 0, 0, 0, 0]"
B09,nq_7p_a5_NTE0,"[0, 0, 0, 0, 0, 1, 1]","[[1, 0], [0, 0], [0, 0], [0, 0], [0, 1], [1, 0], [0, 1], [1, 2], [2, 2], [2, 3], [3, 3], [3, 3], [3, 4], [4, 4], [4, 5], [5, 5], [5, 4], [4, 5], [5, 5], [5, 6], [6, 5], [5, 6], [6, 6], [6, 5], [5, 6], [6, 6], [6, 6], [6, 5]]","[[80, 28.580346345601928], [47, 15.133606665293456], [62, 19.531509876147034], [132, 38.42442010797842], [65, 18.555536834834143], [127, 34.737410840796855], [71, 21.748535056413033]]","[0, 0, 0, 0, 0, 1, 0]"
B10,nq_5p_a0_LTcw,"[0, 1, 1, 0, 0]","[[1, 0], [0, 0], [0, 0], [0, 1], [1, 0], [0, 1], [1, 2], [2, 2], [2, 3], [3, 2], [2, 3], [3, 4], [4, 3]]","[[62, 12.157958173258255], [97, 21.36378576926355], [123, 28.207908903466354], [73, 18.387556166890064], [80, 19.628655960592297]]","[1, 0, 0, 0, 0]"
B10,nq_5p_a0_LTIz,"[1, 0, 0, 0, 0]","[[0, 0], [0, 0], [0, 0], [0, 0], [0, 1], [1, 2], [2, 3], [3, 4], [4, 4], [4, 4]]","[[80, 17.219479825218247], [51, 11.049869139065866], [76, 15.411976694509612], [64, 15.183026297953084], [86, 18.15938145318681]]","[1, 0, 0, 0, 0]"
B10,nq_5p_a2_MTgz,"[0, 1, 1, 0, 0]","[[0, 1], [1, 1], [1, 1], [1, 2], [2, 2], [2, 3], [3, 4], [4, 3]]","[[24, 6.217494350304422], [126, 30.46090255342944], [43, 7.771867937880529], [98, 21.0864633973504], [39, 9.06115455703285]]","[0, 0, 1, 0, 0]"
B10,nq_5p_a3_LTYx,"[0, 0, 0, 1, 0]","[[1, 0], [0, 0], [0, 0], [0, 0], [0, 1], [1, 0], [0, 1], [1, 2], [2, 3], [3, 3], [3, 4]]","[[63, 16.96625401740628], [60, 14.857522161549648], [103, 19.966678200882193], [95, 21.641613789248282], [50, 11.122054302603658]]","[0, 0, 0, 1, 0]"
B10,nq_5p_a4_LTI3,"[0, 0, 0, 0, 1]","[[0, 0], [0, 0], [0, 0], [0, 0], [0, 0], [0, 1], [1, 2], [2, 3], [3, 4]]","[[105, 25.41266905592225], [49, 10.65187266260564], [17, 3.337747429345896], [64, 15.086136395454965], [56, 12.640061564562615]]","[0, 0, 0, 0, 1]"
B10,nq_6p_a1_LTEy,"[0, 1, 0, 0, 0, 0]","[[2, 0], [0, 1], [1, 0], [0, 0], [0, 0], [0, 0], [0, 0], [0, 0], [0, 1], [1, 0], [0, 1], [1, 0], [0, 0], [0, 1], [1, 0], [0, 1], [1, 0], [0, 0], [0, 1], [1, 2], [2, 3], [3, 2], [2, 2], [2, 2], [2, 3], [3, 4], [4, 5]]","[[33, 7.940247682910141], [94, 20.061475556973235], [126, 27.592059474756056], [59, 12.964653272854818], [41, 8.73547734462798], [30, 5.59070550056191]]","[0, 1, 0, 0, 0, 0]"
B10,nq_6p_a3_MzA5,"[0, 0, 0, 1, 0, 0]","[[1, 0], [0, 1], [1, 2], [2, 3], [3, 4], [4, 3], [3, 2], [2, 3], [3, 4], [4, 5], [5, 5]]","[[5, 0.9037774014598061], [25, 4.8201461411189666], [41, 7.917090036787892], [82, 16.942813686033155], [99, 22.003967134208068], [74, 17.56943268437857]]","[0, 0, 0, 1, 0, 0]"
B10,nq_6p_a4_ODQz,"[0, 0, 0, 0, 0, 1]","[[0, 0], [0, 1], [1, 2], [2, 1], [1, 0], [0, 1], [1, 0], [0, 1], [1, 2], [2, 1], [1, 2], [2, 1], [1, 2], [2, 3], [3, 4], [4, 4], [4, 5], [5, 5], [5, 4], [4, 5], [5, 4], [4, 3]]","[[126, 27.074717440087518], [77, 16.977426289756707], [76, 16.73644082077508], [38, 9.663517306163868], [110, 21.797135669389732], [48, 9.458679657529515]]","[0, 0, 0, 0, 1, 0]"
B10,nq_6p_a5_LTkw,"[0, 0, 0, 0, 0, 0]","[[0, 0], [0, 0], [0, 0], [0, 0], [0, 1], [1, 2], [2, 3], [3, 4], [4, 4], [4, 5]]","[[24, 4.783639431224832], [61, 12.98932822886745], [54, 12.242261113663556], [48, 11.495193998459683], [131, 27.930670532945044], [29, 6.133180026431859]]","[0, 0, 0, 0, 0, 1]"
B10,nq_7p_a1_Mzgy,"[0, 1, 0, 0, 0, 0, 0]","[[1, 0], [0, 0], [0, 0], [0, 1], [1, 0], [0, 1], [1, 2], [2, 3], [3, 4], [4, 5], [5, 6], [6, 5], [5, 6], [6, 6], [6, 6]]","[[25, 5.157406981513332], [67, 15.014320324686015], [69, 14.749219965823158], [97, 21.870779606183902], [28, 5.241757095696983], [72, 14.604619770079765], [38, 8.362711320491243]]","[0, 1, 0, 0, 0, 0, 0]"
B10,nq_7p_a2_LTYz,"[0, 0, 1, 0, 0, 0, 0]","[[1, 0], [0, 0], [0, 1], [1, 0], [0, 1], [1, 0], [0, 1], [1, 2], [2, 1], [1, 2], [2, 3], [3, 4], [4, 4], [4, 4], [4, 3], [3, 4], [4, 5], [5, 5], [5, 5], [5, 5], [5, 6], [6, 5]]","[[50, 10.302409915705582], [73, 17.54422086230099], [79, 16.110318195670587], [72, 16.423607853925958], [36, 6.783926061452945], [64, 15.134300414182732], [67, 15.025853994017297]]","[0, 0, 1, 0, 0, 0, 0]"
B10,nq_7p_a5_NTE0,"[0, 0, 0, 0, 0, 1, 1]","[[1, 0], [0, 0], [0, 1], [1, 2], [2, 1], [1, 2], [2, 0], [0, 0], [0, 2], [2, 3], [3, 4], [4, 3], [3, 4], [4, 5], [5, 6], [6, 6]]","[[58, 12.422519014346857], [46, 9.73559201124373], [70, 15.398622017784], [134, 33.53236703872685], [76, 15.555259017964914], [81, 18.519313021388214], [73, 15.627553018048388]]","[0, 0, 0, 0, 0, 1, 0]"
B11,nq_5p_a0_LTcw,"[0, 1, 0, 0, 1]","[[0, 0], [0, 0], [0, 0], [0, 0], [0, 1], [1, 1], [1, 1], [1, 2], [2, 3], [3, 2], [2, 3], [3, 4], [4, 3], [3, 4]]","[[81, 19.014151660962842], [84, 19.303340279380507], [131, 29.123703779814363], [62, 13.085784983400288], [84, 18.990052609427963]]","[1, 0, 0, 0, 0]"
B11,nq_5p_a0_LTIz,"[1, 0, 0, 0, 0]","[[0, 0], [0, 0], [0, 1], [1, 2], [2, 3], [3, 4], [4, 4]]","[[97, 23.44866118643734], [62, 13.953519863255085], [124, 26.063439951831413], [97, 21.978601235386307], [88, 17.905812190671085]]","[1, 0, 0, 0, 0]"
B11,nq_5p_a2_MTgz,"[0, 0, 1, 0, 0]","[[1, 0], [0, 0], [0, 0], [0, 1], [1, 0], [0, 1], [1, 1], [1, 2], [2, 3], [3, 2], [2, 3], [3, 3], [3, 4], [4, 4], [4, 4], [4, 4], [4, 4]]","[[44, 10.061361561918027], [151, 35.37743418657637], [56, 13.158092006723919], [107, 24.822041697666037], [48, 9.615528774144423]]","[0, 0, 1, 0, 0]"
B11,nq_5p_a3_LTYx,"[0, 0, 0, 1, 0]","[[0, 0], [0, 0], [0, 1], [1, 1], [1, 1], [1, 2], [2, 3], [3, 2], [2, 3], [3, 4], [4, 3], [3, 4]]","[[77, 17.26753975678823], [60, 13.688712605520855], [108, 24.77464182830184], [90, 19.677524370436245], [59, 12.664469144720371]]","[0, 0, 0, 1, 0]"
B11,nq_5p_a4_LTI3,"[1, 0, 0, 0, 0]","[[0, 0], [0, 1], [1, 0], [0, 1], [1, 2], [2, 2], [2, 2], [2, 0], [0, 2], [2, 3], [3, 2], [2, 3], [3, 3], [3, 3], [3, 4], [4, 3], [3, 4], [4, 4], [4, 4]]","[[136, 33.94219988639428], [42, 9.506707742408636], [18, 3.891846135358648], [72, 16.82048670266466], [63, 12.904542448820834]]","[0, 0, 0, 0, 1]"
B11,nq_6p_a1_LTEy,"[0, 1, 0, 0, 0, 0]","[[0, 1], [1, 1], [1, 1], [1, 2], [2, 2], [2, 3], [3, 3], [3, 4], [4, 4], [4, 4], [4, 5]]","[[15, 3.156933975194748], [96, 22.42387071693675], [117, 27.050827382871027], [44, 8.32611212541822], [28, 5.783695832417848], [23, 4.554660468029056]]","[0, 1, 0, 0, 0, 0]"
B11,nq_6p_a3_MzA5,"[0, 0, 0, 1, 0, 0]","[[1, 0], [0, 1], [1, 2], [2, 2], [2, 3], [3, 3], [3, 3], [3, 3], [3, 4], [4, 4], [4, 5], [5, 5]]","[[36, 10.398286081691047], [59, 13.290045826309667], [47, 10.410335080626968], [150, 32.544346125895174], [95, 20.929111151677162], [40, 8.229466273227104]]","[0, 0, 0, 1, 0, 0]"
B11,nq_6p_a4_ODQz,"[0, 0, 0, 0, 1, 0]","[[0, 0], [0, 0], [0, 1], [1, 1], [1, 2], [2, 2], [2, 2], [2, 3], [3, 4], [4, 4], [4, 5], [5, 5], [5, 5], [5, 4]]","[[194, 40.54410959088252], [74, 16.96466754946877], [80, 18.19364204523994], [18, 4.132727961269694], [71, 15.554961510201721], [34, 6.915993731104507]]","[0, 0, 0, 0, 1, 0]"
B11,nq_6p_a5_LTkw,"[0, 0, 0, 0, 0, 1]","[[1, 0], [0, 0], [0, 1], [1, 2], [2, 3], [3, 3], [3, 4], [4, 3], [3, 4], [4, 5]]","[[50, 12.807976600631502], [84, 18.242028761388596], [55, 12.072993935872745], [45, 10.446392956488708], [129, 28.604079444872156], [45, 9.482481265001852]]","[0, 0, 0, 0, 0, 1]"
B11,nq_7p_a1_Mzgy,"[1, 1, 0, 0, 0, 0, 0]","[[1, 0], [0, 0], [0, 0], [0, 1], [1, 1], [1, 0], [0, 1], [1, 0], [0, 1], [1, 2], [2, 2], [2, 2], [2, 3], [3, 4], [4, 4], [4, 5], [5, 4], [4, 5], [5, 5], [5, 5], [5, 6], [6, 6], [6, 5], [5, 4]]","[[28, 6.410421280831001], [72, 17.664807514470372], [64, 12.85699155384711], [99, 21.303806061107565], [76, 16.110400850509507], [74, 16.785182037965427], [19, 4.7114186481295235]]","[0, 1, 0, 0, 0, 0, 0]"
B11,nq_7p_a2_LTYz,"[0, 0, 1, 0, 0, 0, 0]","[[1, 0], [0, 1], [1, 1], [1, 0], [0, 1], [1, 2], [2, 1], [1, 2], [2, 3], [3, 3], [3, 3], [3, 4], [4, 4], [4, 4], [4, 5], [5, 6], [6, 6]]","[[79, 17.737206113423838], [84, 19.737461694149605], [99, 20.364047779678167], [77, 17.809504507907832], [37, 7.723878477380836], [35, 7.121391856680404], [52, 11.45929552572423]]","[0, 0, 1, 0, 0, 0, 0]"
B11,nq_7p_a5_NTE0,"[0, 0, 0, 0, 0, 1, 1]","[[0, 1], [1, 1], [1, 1], [1, 1], [1, 2], [2, 2], [2, 3], [3, 3], [3, 4], [4, 4], [4, 4], [4, 5], [5, 6], [6, 6], [6, 6]]","[[71, 19.061859879292705], [56, 14.133730492041913], [121, 29.41213651412992], [122, 31.713536790327737], [55, 13.338482229062606], [134, 28.195165687449418], [70, 14.724142081223562]]","[0, 0, 0, 0, 0, 1, 0]"
B12,nq_5p_a0_LTcw,"[1, 1, 0, 0, 1]","[[0, 0], [0, 1], [1, 0], [0, 2], [2, 1], [1, 2], [2, 1], [1, 2], [2, 3], [3, 2], [2, 2], [2, 2], [2, 3], [3, 3], [3, 3], [3, 4]]","[[45, 9.531518190836525], [71, 16.809693901664907], [79, 18.568988030441318], [40, 7.639674504412582], [32, 6.86847707809963]]","[1, 0, 0, 0, 0]"
B12,nq_5p_a0_LTIz,"[1, 0, 0, 0, 0]","[[0, 0], [0, 0], [0, 0], [0, 1], [1, 0], [0, 1], [1, 1], [1, 2], [2, 2], [2, 3], [3, 3], [3, 4]]","[[89, 19.41197832632471], [57, 11.555609692703534], [71, 16.72490745930395], [60, 11.639957208708708], [66, 14.314978430585825]]","[1, 0, 0, 0, 0]"
B12,nq_5p_a2_MTgz,"[0, 1, 1, 1, 0]","[[0, 1], [1, 3], [3, 1], [1, 2], [2, 1], [1, 2], [2, 1], [1, 2], [2, 3], [3, 2], [2, 3], [3, 3], [3, 2], [2, 3], [3, 4]]","[[60, 14.603884010424673], [137, 29.436706796590332], [29, 6.940459727726555], [79, 15.32684856539624], [16, 2.626771216396534]]","[0, 0, 1, 0, 0]"
B12,nq_5p_a3_LTYx,"[0, 0, 0, 1, 0]","[[0, 0], [0, 0], [0, 0], [0, 0], [0, 1], [1, 2], [2, 1], [1, 2], [2, 3], [3, 4], [4, 4], [4, 4]]","[[80, 22.231266596702863], [39, 6.422365905714138], [57, 11.386746305628279], [63, 13.182116887150613], [11, 2.518338600927322]]","[0, 0, 0, 1, 0]"
B12,nq_5p_a4_LTI3,"[1, 1, 1, 0, 1]","[[0, 0], [0, 0], [0, 4], [4, 0], [0, 1], [1, 0], [0, 0], [0, 1], [1, 0], [0, 1], [1, 0], [0, 1], [1, 2], [2, 1], [1, 1], [1, 2], [2, 3], [3, 2], [2, 2], [2, 3], [3, 3], [3, 0], [0, 0], [0, 1], [1, 0], [0, 1], [1, 1], [1, 1], [1, 2], [2, 1], [1, 2], [2, 2], [2, 3], [3, 2], [2, 3]]","[[95, 20.003922568808342], [64, 13.761734682878998], [20, 3.639267840831401], [56, 12.03850520857808], [1, 0.1084550018790793]]","[0, 0, 0, 0, 1]"
B12,nq_6p_a1_LTEy,"[0, 1, 0, 0, 0, 0]","[[1, 0], [0, 0], [0, 1], [1, 2], [2, 2], [2, 2], [2, 3], [3, 3], [3, 3], [3, 4], [4, 5], [5, 5], [5, 5], [5, 2]]","[[11, 2.1327765405544965], [44, 8.735949106791011], [87, 16.483832245641512], [40, 7.157453475081191], [26, 5.253619049049483], [12, 2.1568757105042664]]","[0, 1, 0, 0, 0, 0]"
B12,nq_6p_a3_MzA5,"[0, 0, 0, 1, 0, 0]","[[1, 0], [0, 0], [0, 1], [1, 1], [1, 2], [2, 1], [1, 2], [2, 2], [2, 3], [3, 2], [2, 2], [2, 1], [1, 0], [0, 3], [3, 3], [3, 4], [4, 3], [3, 4], [4, 4], [4, 5]]","[[12, 2.349586010152514], [46, 9.687523857244226], [46, 8.434411318496217], [82, 16.049479823195668], [69, 12.073257344475998], [22, 4.566631271014401]]","[0, 0, 0, 1, 0, 0]"
B12,nq_6p_a4_ODQz,"[0, 0, 0, 0, 1, 0]","[[0, 0], [0, 0], [0, 1], [1, 2], [2, 1], [1, 2], [2, 2], [2, 3], [3, 2], [2, 3], [3, 3], [3, 3], [3, 3], [3, 3], [3, 4], [4, 3], [3, 4], [4, 4], [4, 5]]","[[110, 21.821442436334966], [71, 14.362871001718037], [81, 16.808896851842803], [40, 8.133337186375613], [60, 13.3989199277772], [17, 3.048495271337785]]","[0, 0, 0, 0, 1, 0]"
B12,nq_6p_a5_LTkw,"[0, 0, 0, 0, 0, 1]","[[0, 0], [0, 0], [0, 1], [1, 0], [0, 1], [1, 1], [1, 1], [1, 2], [2, 2], [2, 2], [2, 3], [3, 4], [4, 3], [3, 3], [3, 4], [4, 4], [4, 4], [4, 5]]","[[71, 16.508512501599817], [66, 15.737311917583472], [51, 10.784758167103519], [35, 6.482904909387351], [141, 28.895921882362387], [17, 3.374002555071513]]","[0, 0, 0, 0, 0, 1]"
B12,nq_7p_a1_Mzgy,"[1, 1, 0, 0, 0, 0, 0]","[[1, 0], [0, 0], [0, 0], [0, 1], [1, 0], [0, 1], [1, 1], [1, 2], [2, 1], [1, 2], [2, 2], [2, 3], [3, 2], [2, 3], [3, 3], [3, 4], [4, 3], [3, 4], [4, 3], [3, 4], [4, 4], [4, 5], [5, 4], [4, 5], [5, 5], [5, 6], [6, 5], [5, 6], [6, 6]]","[[35, 6.68805616874118], [48, 9.483784152791538], [35, 6.2903879641133], [32, 5.916820862796257], [16, 2.747525777428798], [30, 5.5553043131345845], [10, 1.9642399198284863]]","[0, 1, 0, 0, 0, 0, 0]"
B12,nq_7p_a2_LTYz,"[1, 0, 1, 0, 0, 0, 0]","[[0, 0], [0, 1], [1, 0], [0, 1], [1, 0], [0, 1], [1, 2], [2, 1], [1, 2], [2, 2], [2, 3], [3, 2], [2, 3], [3, 2], [2, 2], [2, 3], [3, 3], [3, 3], [3, 4], [4, 3], [3, 4], [4, 4], [4, 5], [5, 4], [4, 5], [5, 4], [4, 5], [5, 6], [6, 3], [3, 1], [1, 0]]","[[24, 4.169061274443763], [48, 9.567152173145532], [55, 11.109463858488876], [49, 9.735842513729928], [20, 3.325609571521646], [34, 6.554824662709315], [43, 7.67541049659151]]","[0, 0, 1, 0, 0, 0, 0]"
B12,nq_7p_a5_NTE0,"[0, 0, 0, 0, 0, 1, 1]","[[0, 0], [0, 0], [0, 0], [0, 0], [0, 1], [1, 0], [0, 1], [1, 2], [2, 3], [3, 2], [2, 3], [3, 2], [2, 3], [3, 2], [2, 3], [3, 4], [4, 3], [3, 4], [4, 4], [4, 3], [3, 4], [4, 5], [5, 5], [5, 6], [6, 6], [6, 5]]","[[65, 15.989169152059024], [39, 8.37413154535118], [54, 13.07328449885759], [122, 28.713029456937996], [53, 11.699685943217318], [60, 12.7118111947417], [30, 6.530617694360231]]","[0, 0, 0, 0, 0, 1, 0]"
B13,nq_5p_a0_LTcw,"[1, 1, 0, 0, 0]","[[0, 0], [0, 1], [1, 2], [2, 3], [3, 4], [4, 2]]","[[77, 20.146627040674502], [47, 12.892877352584769], [77, 17.507804479724896], [76, 20.94188863438538], [72, 15.55579874970742]]","[1, 0, 0, 0, 0]"
B13,nq_5p_a0_LTIz,"[1, 0, 0, 0, 0]","[[0, 1], [1, 0], [0, 0], [0, 1], [1, 2], [2, 3], [3, 4], [4, 3], [3, 2], [2, 3], [3, 3], [3, 2], [2, 3]]","[[102, 21.89365346726412], [40, 9.386437012107166], [130, 29.82212016041757], [57, 12.639759211425464], [82, 20.41158446535249]]","[1, 0, 0, 0, 0]"
B13,nq_5p_a2_MTgz,"[0, 1, 1, 1, 0]","[[0, 1], [1, 2], [2, 3], [3, 2], [2, 2], [2, 3], [3, 4], [4, 2]]","[[32, 7.796158479420774], [90, 23.376425734275575], [36, 9.085476806001957], [36, 9.386719405670455], [44, 9.278272069789757]]","[0, 0, 1, 0, 0]"
B13,nq_5p_a3_LTYx,"[0, 0, 0, 1, 0]","[[0, 0], [0, 0], [0, 0], [0, 1], [1, 0], [0, 1], [1, 0], [0, 1], [1, 2], [2, 3], [3, 4], [4, 4], [4, 3]]","[[80, 18.303570342311406], [32, 8.531223043025996], [12, 3.0726862654966283], [32, 7.519044037921205], [43, 8.422775292479066]]","[0, 0, 0, 1, 0]"
B13,nq_5p_a4_LTI3,"[1, 1, 0, 1, 1]","[[0, 0], [0, 1], [1, 3], [3, 2], [2, 3], [3, 4], [4, 1], [1, 4], [4, 0], [0, 3], [3, 4]]","[[178, 45.052114924961614], [48, 10.928662272516746], [17, 3.638871010253652], [48, 11.36243497572579], [101, 22.00191544610324]]","[0, 0, 0, 0, 1]"
B13,nq_6p_a1_LTEy,"[0, 1, 0, 0, 0, 0]","[[1, 0], [0, 1], [1, 2], [2, 3], [3, 2], [2, 3], [3, 4], [4, 5]]","[[20, 5.2419021940701995], [121, 28.88468864180752], [58, 12.41186036756853], [35, 6.712044878384155], [12, 2.49442242338516], [11, 1.952156679170983]]","[0, 1, 0, 0, 0, 0]"
B13,nq_6p_a3_MzA5,"[1, 0, 0, 1, 0, 0]","[[0, 0], [0, 1], [1, 0], [0, 0], [0, 1], [1, 2], [2, 3], [3, 4], [4, 5], [5, 3], [3, 2], [2, 1], [1, 0], [0, 0], [0, 0], [0, 1], [1, 2], [2, 0], [0, 2], [2, 3]]","[[43, 9.15890664606263], [21, 4.663811673718726], [41, 9.90608060929404], [37, 8.580449384206016], [28, 4.820477182138234], [30, 7.339176509805455]]","[0, 0, 0, 1, 0, 0]"
B13,nq_6p_a4_ODQz,"[0, 0, 0, 0, 1, 0]","[[0, 0], [0, 0], [0, 0], [0, 1], [1, 2], [2, 1], [1, 2], [2, 3], [3, 4], [4, 3], [3, 4], [4, 4], [4, 5], [5, 3]]","[[105, 20.95321349081473], [56, 11.952609420867269], [55, 12.940627538317969], [35, 7.578821900933043], [78, 20.03748938195794], [38, 7.2053028565308495]]","[0, 0, 0, 0, 1, 0]"
B13,nq_6p_a5_LTkw,"[0, 0, 0, 0, 0, 1]","[[1, 0], [0, 1], [1, 2], [2, 1], [1, 2], [2, 3], [3, 4], [4, 5], [5, 5]]","[[45, 9.472520871297403], [22, 4.651899562749109], [20, 5.0737039272470845], [11, 2.096970269218506], [56, 11.88283152557155], [24, 5.218322566503538]]","[0, 0, 0, 0, 0, 1]"
B13,nq_7p_a1_Mzgy,"[1, 1, 0, 0, 0, 0, 0]","[[1, 0], [0, 0], [0, 0], [0, 1], [1, 2], [2, 1], [1, 1], [1, 2], [2, 3], [3, 4], [4, 5], [5, 6]]","[[32, 7.508202048942255], [54, 10.340348889233471], [21, 4.880933916246562], [76, 17.993171202360784], [9, 1.8680117457240044], [9, 1.7354431702210036], [3, 0.6628428775149615]]","[0, 1, 0, 0, 0, 0, 0]"
B13,nq_7p_a2_LTYz,"[0, 0, 1, 0, 0, 0, 0]","[[0, 1], [1, 0], [0, 1], [1, 2], [2, 1], [1, 2], [2, 1], [1, 2], [2, 2], [2, 3], [3, 4], [4, 5], [5, 6]]","[[52, 13.42353511731318], [71, 18.18322665352386], [75, 17.544584498032307], [26, 5.892377623308953], [15, 3.349858853333089], [9, 2.0966742463307924], [9, 1.650829722685728]]","[0, 0, 1, 0, 0, 0, 0]"
B13,nq_7p_a5_NTE0,"[1, 0, 0, 0, 0, 1, 0]","[[0, 0], [0, 0], [0, 0], [0, 1], [1, 0], [0, 2], [2, 3], [3, 4], [4, 5], [5, 6], [6, 5], [5, 5]]","[[97, 22.71417159399024], [30, 6.543127414077826], [61, 14.869648672140016], [44, 8.760319760652976], [38, 9.820716100319402], [81, 19.09918407240029], [28, 6.024979202649902]]","[0, 0, 0, 0, 0, 1, 0]"
