user_id,stimulus,label,edge_index,node_features,system_label,gREL_label
A01,g-rel_q075-1,False,"[[2, 1], [1, 0], [0, 1], [1, 2], [2, 3], [3, 2]]","[[2, 0.3254855878487193], [20, 4.65323840405947], [22, 4.797898665325566], [18, 4.279532729122048]]",False,i
A01,g-rel_q076-1,False,"[[2, 1], [1, 0], [0, 1], [1, 2], [2, 2], [2, 1], [1, 2], [2, 2], [2, 3], [3, 4], [4, 3], [3, 4], [4, 4], [4, 4]]","[[2, 0.45803492981838945], [12, 2.3504424030154185], [29, 5.882132782930897], [13, 2.0249965318286733], [57, 13.234798761594512]]",True,r
A01,g-rel_q085-2,False,"[[1, 0], [0, 1], [1, 2], [2, 2], [2, 3], [3, 2], [2, 2]]","[[13, 2.953975710364105], [16, 3.8341399016154516], [25, 5.0760154043399535], [5, 0.9886775846932938]]",False,i
A01,g-rel_q088-1,False,"[[2, 1], [1, 0], [0, 1], [1, 0], [0, 1], [1, 2], [2, 3], [3, 3], [3, 4], [4, 3], [3, 4], [4, 3], [3, 1], [1, 2], [2, 1], [1, 2], [2, 1], [1, 2], [2, 2], [2, 1], [1, 2], [2, 3], [3, 3], [3, 4], [4, 4]]","[[13, 3.024996866154448], [53, 12.847197845898979], [42, 9.32807798567146], [19, 4.555572969746535], [37, 8.725488968509246]]",False,t
A01,g-rel_q094-2,False,"[[2, 0], [0, 1], [1, 1], [1, 2], [2, 3], [3, 2], [2, 1], [1, 0], [0, 1], [1, 2], [2, 2], [2, 2], [2, 2], [2, 1], [1, 0]]","[[14, 3.4462775757030695], [26, 6.410558287671437], [106, 24.557740207282688], [24, 5.301965501081657]]",False,t
A01,g-rel_q097-2,False,"[[1, 0], [0, 1], [1, 1], [1, 2], [2, 2], [2, 2], [2, 2], [2, 3], [3, 3], [3, 4], [4, 1], [1, 0]]","[[8, 1.9286602952226757], [29, 6.256091832628552], [21, 4.604676454844139], [26, 5.665439617216617], [31, 6.364578974234824]]",False,t
A01,g-rel_q103-1,False,"[[0, 0], [0, 1], [1, 2], [2, 2], [2, 3], [3, 3], [3, 3], [3, 0]]","[[10, 2.3139256860755824], [29, 7.062294021043193], [25, 5.772762518907319], [19, 4.9411954754739185]]",False,i
A01,g-rel_q116-1,True,"[[1, 0], [0, 1], [1, 2], [2, 1], [1, 2], [2, 2], [2, 2], [2, 3], [3, 2], [2, 3], [3, 2], [2, 3], [3, 2], [2, 3], [3, 3], [3, 4], [4, 4], [4, 4], [4, 5], [5, 1], [1, 0], [0, 1], [1, 2], [2, 2], [2, 2], [2, 2]]","[[16, 3.121222406385277], [37, 8.556246751094784], [51, 10.990559207040071], [18, 3.5550602698210714], [11, 2.7717419052842267], [5, 0.9761351927305348]]",True,r
A01,g-rel_q118-1,True,"[[1, 1], [1, 1], [1, 1], [1, 2], [2, 3]]","[[0, 0], [44, 11.11614546904693], [23, 5.196376027287668], [2, 0.4822622763144011]]",True,r
A01,g-rel_q122-2,False,"[[2, 1], [1, 2], [2, 2], [2, 3], [3, 1], [1, 0], [0, 1], [1, 2]]","[[4, 0.8199553967064688], [22, 4.509754681885582], [29, 6.439061497665507], [18, 4.075660648335093]]",False,i
A01,g-rel_q128-1,True,"[[3, 1], [1, 0], [0, 1], [1, 2], [2, 1], [1, 0], [0, 1], [1, 1], [1, 2], [2, 3], [3, 2]]","[[6, 1.4219830196275622], [67, 16.292551207936143], [33, 8.254731935973549], [3, 0.6748393991452812], [0, 0]]",True,r
A01,g-rel_q134-3,False,"[[0, 1], [1, 2], [2, 2], [2, 2], [2, 2], [2, 3], [3, 2], [2, 1], [1, 2], [2, 2]]","[[5, 1.0725723168513444], [23, 4.386700262178522], [64, 13.533693391281574], [52, 10.930596532406394]]",False,t
A03,g-rel_q075-1,False,"[[2, 1], [1, 0], [0, 1], [1, 0], [0, 1], [1, 2], [2, 3]]","[[3, 0.6507356812871903], [26, 10.484074865182507], [5, 14.894616705017903], [3, 3.3982863356108837]]",False,i
A03,g-rel_q076-1,True,"[[2, 0], [0, 1], [1, 0], [0, 1], [1, 2], [2, 2], [2, 3], [3, 4], [4, 4], [4, 3], [3, 4], [4, 4], [4, 4]]","[[2, 0.2771637544708695], [28, 6.892942067710319], [57, 12.556723137332442], [31, 7.109852832078829], [47, 9.30306167180484]]",True,r
A03,g-rel_q085-2,False,"[[2, 1], [1, 0], [0, 1], [1, 1], [1, 1], [1, 2], [2, 2], [2, 3], [3, 3], [3, 2], [2, 3], [3, 1], [1, 0], [0, 0]]","[[7, 1.6147303669613293], [29, 7.145784385134787], [64, 14.424121263079819], [21, 5.338250392267621]]",False,i
A03,g-rel_q088-1,False,"[[1, 0], [0, 0], [0, 1], [1, 1], [1, 2], [2, 1], [1, 2], [2, 2], [2, 3], [3, 3], [3, 4], [4, 4], [4, 4]]","[[7, 1.6268043195947688], [54, 12.640872083369707], [39, 9.327011432343333], [25, 7.917114355361242], [24, 7.652005503279099]]",False,t
A03,g-rel_q094-2,False,"[[2, 1], [1, 0], [0, 0], [0, 1], [1, 2], [2, 2], [2, 2], [2, 2], [2, 3]]","[[9, 2.012624890720117], [31, 8.508462112864686], [76, 20.39138512034992], [19, 6.061977964264777]]",False,t
A03,g-rel_q097-2,False,"[[3, 1], [1, 0], [0, 1], [1, 0], [0, 1], [1, 2], [2, 2], [2, 3], [3, 2], [2, 3], [3, 4], [4, 3], [3, 4]]","[[2, 0.3374176871407034], [30, 9.074125657748183], [23, 15.521213608472337], [35, 9.122328184482566], [37, 9.797163558763984]]",False,t
A03,g-rel_q103-1,False,"[[0, 1], [1, 0], [0, 1], [1, 2], [2, 1], [1, 2], [2, 3], [3, 2], [2, 3], [3, 2], [2, 1], [1, 3]]","[[4, 1.0243409830694858], [29, 8.351391779613571], [23, 4.928887789122584], [24, 6.2786076726964986]]",False,i
A03,g-rel_q116-1,True,"[[1, 1], [1, 0], [0, 1], [1, 2], [2, 1], [1, 2], [2, 3], [3, 4], [4, 3], [3, 4]]","[[5, 0.9883416531978604], [35, 7.593356603837217], [37, 8.400904052181819], [24, 6.665279685590445], [10, 1.9164185714446234], [0, 0]]",True,r
A03,g-rel_q118-1,True,"[[2, 1], [1, 1], [1, 2]]","[[0, 0], [56, 18.488384549586772], [51, 12.920174861249693], [0, 0]]",True,r
A03,g-rel_q122-2,False,"[[2, 0], [0, 1], [1, 0], [0, 1], [1, 1], [1, 2], [2, 1], [1, 1], [1, 2], [2, 2], [2, 3], [3, 2], [2, 3]]","[[3, 0.8316652176101043], [37, 8.846989416316179], [32, 12.703987526971734], [32, 7.87068676955651]]",False,i
A03,g-rel_q128-1,True,"[[2, 0], [0, 1], [1, 1], [1, 1], [1, 2], [2, 2], [2, 1], [1, 0], [0, 2]]","[[4, 0.8797980950892659], [56, 12.763098393144283], [15, 4.567718877244259], [0, 0], [0, 0]]",True,r
A03,g-rel_q134-3,False,"[[2, 1], [1, 0], [0, 1], [1, 1], [1, 2], [2, 1], [1, 2], [2, 2], [2, 2], [2, 3]]","[[5, 1.3857261665889196], [21, 5.554954459108624], [73, 17.291452600479126], [57, 12.893278245653448]]",False,t
A04,g-rel_q075-1,False,"[[3, 1], [1, 2], [2, 3], [3, 3], [3, 1]]","[[0, 0], [29, 5.88104244388946], [34, 8.520280753749685], [36, 9.52054002187024]]",False,i
A04,g-rel_q076-1,True,"[[2, 1], [1, 2], [2, 3], [3, 4], [4, 4], [4, 4], [4, 4], [4, 3], [3, 4], [4, 3]]","[[0, 0], [22, 5.012605247060605], [70, 16.170471734508], [31, 7.073075192366744], [43, 12.037482312051758]]",True,r
A04,g-rel_q085-2,False,"[[2, 1], [1, 0], [0, 1], [1, 0], [0, 1], [1, 0], [0, 1], [1, 2], [2, 3], [3, 3], [3, 1]]","[[5, 0.9278522859153955], [55, 13.242982626246999], [46, 11.037827193487027], [23, 5.603263804554018]]",False,i
A04,g-rel_q088-1,False,"[[1, 2], [2, 3], [3, 3], [3, 3], [3, 3], [3, 4], [4, 3], [3, 4], [4, 2], [2, 2], [2, 1]]","[[0, 0], [29, 5.773004440441169], [35, 7.629043446345008], [33, 7.3397906142560885], [34, 7.773669862389461]]",False,t
A04,g-rel_q094-2,False,"[[1, 2], [2, 3], [3, 3], [3, 3], [3, 2], [2, 1], [1, 2], [2, 1]]","[[0, 0], [53, 14.340313144224686], [73, 17.77475788884994], [55, 13.436511895639036]]",False,t
A04,g-rel_q097-2,False,"[[1, 1], [1, 2], [2, 2], [2, 3], [3, 3], [3, 3], [3, 4], [4, 3], [3, 3], [3, 4]]","[[0, 0], [33, 7.459962650360581], [44, 9.231553134371909], [34, 9.303862950045826], [48, 12.871147189959778]]",False,t
A04,g-rel_q103-1,False,"[[3, 2], [2, 1], [1, 2], [2, 3], [3, 1], [1, 0], [0, 1], [1, 2], [2, 1], [1, 1]]","[[3, 0.8194115413263532], [42, 10.543898509714161], [41, 9.37503204635158], [53, 12.857531096988598]]",False,i
A04,g-rel_q116-1,False,"[[3, 1], [1, 0], [0, 1], [1, 2], [2, 3], [3, 2], [2, 3], [3, 1], [1, 2], [2, 3], [3, 3], [3, 4], [4, 4], [4, 5], [5, 1], [1, 2], [2, 3], [3, 3], [3, 4], [4, 5]]","[[2, 0.31333519849663816], [43, 11.954942958025569], [42, 8.97825857230752], [37, 8.990309926095842], [20, 5.627982219151164], [15, 3.3382249993680304]]",True,r
A04,g-rel_q118-1,True,"[[1, 2], [2, 1], [1, 2], [2, 1], [1, 0], [0, 2], [2, 3]]","[[3, 0.7712132923355952], [58, 13.737236769727717], [61, 14.339747154364883], [1, 0.12050207692743697]]",True,r
A04,g-rel_q122-2,False,"[[2, 1], [1, 1], [1, 2], [2, 3], [3, 1], [1, 2], [2, 3]]","[[0, 0], [84, 19.003158640151245], [59, 12.375550997739584], [31, 6.80836057811382]]",False,i
A04,g-rel_q128-1,True,"[[3, 1], [1, 1], [1, 2], [2, 3], [3, 4], [4, 4], [4, 2]]","[[0, 0], [43, 11.800253387444737], [39, 8.4976288438698], [3, 0.7111490805508072], [3, 0.6990957063041812]]",True,r
A04,g-rel_q134-3,True,"[[2, 1], [1, 1], [1, 2], [2, 1], [1, 2], [2, 3], [3, 2], [2, 1], [1, 2]]","[[0, 0], [24, 6.508321963510883], [49, 11.353406091902347], [74, 16.16233287605208]]",False,t
A06,g-rel_q075-1,False,"[[1, 2], [2, 1], [1, 2], [2, 3], [3, 1]]","[[0, 0], [58, 17.268352811787555], [74, 23.92022353900788], [67, 22.883881360491664]]",False,i
A06,g-rel_q076-1,True,"[[2, 1], [1, 2], [2, 1], [1, 2], [2, 3], [3, 4], [4, 4], [4, 4]]","[[0, 0], [41, 14.820895132453723], [96, 30.943137154586317], [46, 15.929449890328307], [74, 24.038768934345768]]",True,r
A06,g-rel_q085-2,False,"[[2, 1], [1, 0], [0, 0], [0, 1], [1, 1], [1, 2], [2, 3], [3, 1]]","[[7, 2.3256139239823885], [53, 18.73745933571303], [97, 29.82328736713165], [40, 12.471556535345933]]",False,i
A06,g-rel_q088-1,False,"[[3, 2], [2, 1], [1, 0], [0, 1], [1, 2], [2, 3], [3, 4], [4, 3], [3, 4], [4, 4], [4, 2]]","[[2, 0.7712230984222788], [54, 16.424641924211954], [70, 18.72626085856598], [46, 15.990828931349402], [56, 17.521224767281097]]",False,t
A06,g-rel_q094-2,True,"[[2, 1], [1, 0], [0, 0], [0, 1], [1, 2], [2, 3]]","[[17, 4.675563284781125], [54, 19.71448848943796], [101, 34.59675822321298], [42, 13.568773862534911]]",False,t
A06,g-rel_q097-2,False,"[[3, 1], [1, 0], [0, 1], [1, 2], [2, 3], [3, 3], [3, 4], [4, 3], [3, 4], [4, 4]]","[[3, 1.2291285616521264], [48, 16.761939502530467], [57, 22.461721950191773], [54, 16.364280261995955], [70, 23.425744351487587]]",False,t
A06,g-rel_q103-1,False,"[[3, 2], [2, 0], [0, 1], [1, 0], [0, 1], [1, 2], [2, 1], [1, 2], [2, 3], [3, 2], [2, 3], [3, 2], [2, 3], [3, 1]]","[[6, 1.8316784727931255], [81, 23.450304658259356], [60, 20.509978688775654], [75, 24.13718408555681]]",False,i
A06,g-rel_q116-1,True,"[[3, 1], [1, 1], [1, 1], [1, 1], [1, 1], [1, 1], [1, 2], [2, 3], [3, 1], [1, 3], [3, 4], [4, 5], [5, 1], [1, 0], [0, 4], [4, 1], [1, 2], [2, 1]]","[[1, 0.18074782807130418], [67, 22.11148430072203], [86, 28.666605532107788], [45, 16.460102209692764], [35, 12.19445346721021], [27, 10.555673159363721]]",True,r
A06,g-rel_q118-1,True,"[[2, 1], [1, 0], [0, 1], [1, 2], [2, 1], [1, 2], [2, 1], [1, 2], [2, 3], [3, 2]]","[[7, 1.8676920948452551], [90, 29.822825385432303], [63, 15.845258740138757], [62, 20.77355594524667]]",True,r
A06,g-rel_q122-2,False,"[[2, 1], [1, 1], [1, 1], [1, 2], [2, 2], [2, 3]]","[[0, 0], [82, 29.34250719608179], [78, 27.18550153361822], [54, 16.49687570900852]]",False,i
A06,g-rel_q128-1,True,"[[1, 1], [1, 2], [2, 1], [1, 2], [2, 1], [1, 2], [2, 3]]","[[0, 0], [78, 26.911485659061114], [36, 11.123735451551003], [1, 0.156672330303536], [0, 0]]",True,r
A06,g-rel_q134-3,False,"[[2, 1], [1, 0], [0, 0], [0, 1], [1, 2], [2, 2], [2, 3], [3, 1], [1, 1], [1, 1]]","[[3, 1.5182907890093462], [35, 14.773210375598868], [86, 27.437683544240265], [118, 44.06658266196172]]",False,t
A07,g-rel_q075-1,False,"[[2, 1], [1, 1], [1, 2], [2, 3]]","[[0, 0], [22, 3.9050463110830376], [34, 8.846617260293055], [23, 6.33967394947431]]",False,i
A07,g-rel_q076-1,False,"[[2, 0], [0, 0], [0, 1], [1, 2], [2, 3], [3, 4], [4, 2]]","[[4, 0.7231179451811682], [6, 0.819533671205324], [57, 14.450306937870334], [22, 6.4357497121124005], [28, 6.966036205245285]]",True,r
A07,g-rel_q085-2,False,"[[0, 1], [1, 0], [0, 1], [1, 1], [1, 2], [2, 1], [1, 2], [2, 3], [3, 2]]","[[2, 0.24111036554538345], [15, 2.8330467951582543], [40, 9.222471482110905], [12, 2.3267150275129502]]",False,i
A07,g-rel_q088-1,False,"[[2, 1], [1, 0], [0, 1], [1, 0], [0, 1], [1, 1], [1, 2], [2, 1], [1, 2], [2, 2], [2, 3], [3, 4], [4, 4], [4, 3], [3, 2], [2, 3], [3, 2], [2, 2]]","[[2, 0.3253941947877097], [14, 2.5067404635497637], [34, 7.893822132812939], [17, 3.832420516388577], [7, 1.1690087738669561]]",False,t
A07,g-rel_q094-2,False,"[[0, 1], [1, 0], [0, 1], [1, 1], [1, 1], [1, 1], [1, 2], [2, 3], [3, 3], [3, 2]]","[[2, 0.30131406886984236], [18, 3.7483470167408424], [52, 13.390397220575814], [27, 5.399548114147578]]",False,t
A07,g-rel_q097-2,False,"[[3, 0], [0, 0], [0, 1], [1, 0], [0, 1], [1, 0], [0, 1], [1, 1], [1, 2], [2, 3], [3, 3], [3, 4]]","[[4, 0.6869746254414935], [11, 2.265811045315802], [38, 10.328723754444905], [18, 4.471361158575324], [19, 4.844978937324193]]",False,t
A07,g-rel_q103-1,False,"[[3, 1], [1, 2], [2, 3]]","[[0, 0], [11, 1.4703003278675264], [17, 3.627544251542014], [43, 9.593107057234018]]",False,i
A07,g-rel_q116-1,True,"[[1, 2], [2, 1], [1, 2], [2, 2], [2, 3], [3, 4], [4, 4], [4, 5]]","[[0, 0], [6, 0.8195707273299151], [28, 6.194990497758484], [12, 2.675657374518263], [4, 0.5785205134093516], [1, 0.21694519252850952]]",True,r
A07,g-rel_q118-1,True,"[[2, 1], [1, 2], [2, 2], [2, 2], [2, 3], [3, 3], [3, 3]]","[[0, 0], [26, 4.689313716277208], [29, 6.280546134139905], [21, 4.412053522255672]]",True,r
A07,g-rel_q122-2,False,"[[2, 1], [1, 1], [1, 2], [2, 3]]","[[0, 0], [16, 3.3509213629118895], [34, 9.70320754368372], [30, 6.460769246477593]]",False,i
A07,g-rel_q128-1,True,"[[1, 1], [1, 2], [2, 2], [2, 3], [3, 4]]","[[0, 0], [17, 3.954616001865318], [15, 3.3397214405996802], [3, 0.6992918539883792], [4, 0.6872350978851287]]",True,r
A07,g-rel_q134-3,False,"[[0, 0], [0, 0], [0, 1], [1, 2], [2, 3], [3, 2]]","[[4, 0.6266753996684868], [1, 0.2169260998852458], [51, 13.087874693076504], [55, 13.389160942917087]]",False,t
A08,g-rel_q075-1,False,"[[2, 0], [0, 0], [0, 1], [1, 2], [2, 3], [3, 3], [3, 1], [1, 0], [0, 3]]","[[3, 0.6750023079723982], [17, 3.628137405351648], [23, 4.483943902959516], [23, 4.845552282230454]]",False,i
A08,g-rel_q076-1,False,"[[0, 1], [1, 1], [1, 2], [2, 3], [3, 4], [4, 4]]","[[6, 1.3260450042211094], [9, 1.9046828242448681], [44, 10.198491577918716], [7, 1.2657702313019676], [27, 6.557895293602577]]",True,r
A08,g-rel_q085-2,False,"[[2, 2], [2, 1], [1, 1], [1, 0], [0, 1], [1, 1], [1, 1], [1, 1], [1, 0], [0, 1], [1, 2], [2, 2], [2, 1], [1, 2], [2, 2], [2, 3]]","[[4, 0.7594020063087481], [36, 9.739632080912207], [46, 10.559304087721648], [20, 4.484088037251652]]",False,i
A08,g-rel_q088-1,False,"[[3, 1], [1, 1], [1, 0], [0, 1], [1, 2], [2, 3], [3, 3], [3, 4], [4, 4], [4, 4], [4, 2], [2, 3], [3, 1], [1, 2]]","[[2, 0.3978037706061972], [22, 4.653098650120976], [27, 5.195558337311244], [9, 1.7961442975855602], [11, 2.1577840890457374]]",False,t
A08,g-rel_q094-2,True,"[[2, 1], [1, 0], [0, 1], [1, 2], [2, 3]]","[[1, 0.12057805138498445], [20, 4.9195844965073645], [34, 6.885006734082608], [14, 2.7853529869931393]]",False,t
A08,g-rel_q097-2,False,"[[1, 0], [0, 1], [1, 1], [1, 2], [2, 3], [3, 3], [3, 2], [2, 3], [3, 4]]","[[7, 1.7600572572566047], [17, 4.159039409270744], [30, 6.654463054833187], [22, 5.448944385479358], [16, 3.1946244737876803]]",False,t
A08,g-rel_q103-1,False,"[[1, 0], [0, 1], [1, 1], [1, 2], [2, 2], [2, 3], [3, 3], [3, 2], [2, 3], [3, 2], [2, 1], [1, 0], [0, 3]]","[[2, 0.32549556050336004], [19, 4.098832984116358], [14, 3.7853928147427567], [32, 6.027695564876987]]",False,i
A08,g-rel_q116-1,True,"[[3, 2], [2, 1], [1, 0], [0, 1], [1, 0], [0, 1], [1, 2], [2, 2], [2, 2], [2, 3], [3, 2], [2, 3], [3, 4], [4, 5]]","[[2, 0.4820718790510534], [20, 4.338646911459484], [18, 3.7601606565982184], [9, 2.2295824406111233], [11, 2.0849608768958063], [13, 5.41125684234807]]",True,r
A08,g-rel_q118-1,True,"[[1, 0], [0, 1], [1, 2], [2, 3], [3, 3]]","[[4, 0.8560862287711757], [34, 6.788402067579885], [27, 5.365610870467243], [6, 1.0128344115039276]]",True,r
A08,g-rel_q122-2,False,"[[2, 0], [0, 0], [0, 1], [1, 1], [1, 2], [2, 3], [3, 3]]","[[5, 1.0487601340395731], [27, 5.195581813460419], [37, 6.55776451629342], [26, 5.424621382963302]]",False,i
A08,g-rel_q128-1,True,"[[3, 1], [1, 2], [2, 2], [2, 2], [2, 2]]","[[0, 0], [17, 3.2794639119386924], [17, 3.4362029959651714], [2, 0.2893644628181198], [0, 0]]",True,r
A08,g-rel_q134-3,False,"[[2, 1], [1, 2], [2, 3], [3, 2], [2, 3], [3, 2], [2, 1], [1, 0], [0, 0], [0, 0], [0, 1], [1, 2], [2, 1], [1, 2], [2, 3], [3, 3], [3, 3]]","[[4, 0.7231324928261751], [14, 3.025104261656165], [44, 10.762621934896227], [50, 10.907248433461458]]",False,t
A09,g-rel_q075-1,False,"[[2, 1], [1, 0], [0, 0], [0, 1], [1, 2], [2, 3], [3, 3]]","[[9, 2.073618818754526], [18, 3.7252803197392366], [13, 2.4714642897946373], [8, 1.3984871103228222]]",False,i
A09,g-rel_q076-1,False,"[[2, 4], [4, 2], [2, 1], [1, 2], [2, 3], [3, 3], [3, 4], [4, 4], [4, 3], [3, 4], [4, 4], [4, 3], [3, 4], [4, 4], [4, 4], [4, 2], [2, 3], [3, 4], [4, 4], [4, 2], [2, 1]]","[[0, 0], [18, 3.9294366797862117], [36, 6.65352468479138], [16, 3.2544414219088384], [59, 12.957498253896262]]",True,r
A09,g-rel_q085-2,False,"[[2, 1], [1, 0], [0, 1], [1, 2], [2, 3], [3, 3], [3, 3]]","[[7, 1.3023452740692771], [13, 3.0629231445703398], [16, 2.6288080532139118], [11, 1.603814087511239]]",False,i
A09,g-rel_q088-1,False,"[[2, 1], [1, 1], [1, 2], [2, 3], [3, 2], [2, 3], [3, 4], [4, 3], [3, 4], [4, 3]]","[[0, 0], [14, 2.5937255622315725], [8, 1.725129094879604], [8, 1.4476607789199463], [6, 1.1460647833116235]]",False,t
A09,g-rel_q094-2,False,"[[2, 0], [0, 1], [1, 2], [2, 3], [3, 3], [3, 1]]","[[6, 1.3499036482822748], [32, 7.78605139991384], [44, 9.738590605464982], [13, 2.4828584959477524]]",False,t
A09,g-rel_q097-2,False,"[[3, 1], [1, 0], [0, 1], [1, 0], [0, 1], [1, 2], [2, 2], [2, 3], [3, 3], [3, 4], [4, 3], [3, 4], [4, 1], [1, 0], [0, 1], [1, 2], [2, 1], [1, 2], [2, 2], [2, 2], [2, 3], [3, 4], [4, 1], [1, 0]]","[[8, 2.9039863057797284], [33, 7.121393803800073], [46, 10.917060552018418], [33, 6.976796975296547], [46, 10.820662666349378]]",False,t
A09,g-rel_q103-1,False,"[[0, 1], [1, 2], [2, 3], [3, 3], [3, 3]]","[[4, 0.77177173390108], [11, 2.1947258682811954], [7, 1.531484534459957], [21, 3.593562135976904]]",False,i
A09,g-rel_q116-1,True,"[[3, 1], [1, 1], [1, 2], [2, 3], [3, 3], [3, 3], [3, 4], [4, 4], [4, 5], [5, 2]]","[[0, 0], [30, 7.675893825082217], [33, 7.6517936874838455], [28, 7.278241554709042], [10, 1.9400610766691457], [13, 2.542564516628495]]",True,r
A09,g-rel_q118-1,True,"[[2, 1], [1, 0], [0, 1], [1, 2], [2, 2], [2, 2]]","[[1, 0.12053523290724999], [33, 6.038815168653216], [31, 7.545505579993843], [0, 0]]",True,r
A09,g-rel_q122-2,False,"[[2, 1], [1, 2], [2, 3], [3, 2]]","[[0, 0], [23, 5.7511064664841856], [29, 5.642595023720341], [15, 2.9298089546240185]]",False,i
A09,g-rel_q128-1,True,"[[3, 1], [1, 1], [1, 2], [2, 3], [3, 2], [2, 3], [3, 4], [4, 4], [4, 1], [1, 2], [2, 1]]","[[0, 0], [45, 12.233030031092401], [36, 7.0023551212460085], [7, 1.1811201409330652], [32, 6.194854616730527]]",True,r
A09,g-rel_q134-3,False,"[[2, 1], [1, 0], [0, 1], [1, 2], [2, 1], [1, 1], [1, 2], [2, 3], [3, 3], [3, 3], [3, 3], [3, 1]]","[[8, 1.8924437016364664], [23, 7.690312621936726], [34, 7.027354637287009], [35, 6.496988249567217]]",False,t
A10,g-rel_q075-1,False,"[[2, 1], [1, 0], [0, 1], [1, 1], [1, 2], [2, 3], [3, 1], [1, 0], [0, 1], [1, 2]]","[[10, 1.8077643712361615], [34, 6.821297560797796], [52, 10.207842816246888], [11, 2.2054725329081233]]",False,i
A10,g-rel_q076-1,True,"[[2, 1], [1, 0], [0, 1], [1, 1], [1, 2], [2, 3], [3, 3], [3, 4], [4, 3], [3, 4], [4, 3], [3, 1], [1, 4]]","[[1, 0.22896823574072855], [32, 7.483646020789065], [55, 10.689201321159256], [34, 6.808792273342721], [40, 8.845404475457599]]",True,r
A10,g-rel_q085-2,False,"[[2, 1], [1, 2], [2, 1], [1, 2], [2, 3], [3, 2], [2, 3], [3, 3], [3, 1]]","[[0, 0], [47, 10.038121704743284], [64, 13.412280260959509], [23, 5.6276144491178]]",False,i
A10,g-rel_q088-1,False,"[[1, 0], [0, 1], [1, 2], [2, 3], [3, 3], [3, 4], [4, 4], [4, 4], [4, 4], [4, 1], [1, 0]]","[[14, 2.904565682782362], [40, 8.135194339743123], [31, 6.206851977729933], [39, 9.18373049908778], [45, 10.147901680094371]]",False,t
A10,g-rel_q094-2,False,"[[2, 0], [0, 1], [1, 2], [2, 2], [2, 3], [3, 3]]","[[1, 0.16873254914661218], [33, 7.7255402859270275], [49, 9.882906450015863], [17, 3.410807957749377]]",False,t
A10,g-rel_q097-2,False,"[[3, 1], [1, 0], [0, 1], [1, 2], [2, 3], [3, 4], [4, 4]]","[[1, 0.24100537326273774], [26, 4.639353435307697], [40, 7.591669257776244], [31, 6.627647764725286], [27, 5.699777077663757]]",False,t
A10,g-rel_q103-1,False,"[[1, 1], [1, 0], [0, 1], [1, 2], [2, 3], [3, 3]]","[[7, 1.410228091814675], [31, 7.099353385289258], [23, 4.857452316250541], [43, 9.317147991220025]]",False,i
A10,g-rel_q116-1,True,"[[2, 1], [1, 0], [0, 1], [1, 2], [2, 3], [3, 2], [2, 3], [3, 3], [3, 4], [4, 5], [5, 5], [5, 1], [1, 5], [5, 2], [2, 3], [3, 1]]","[[1, 0.42179877784956377], [33, 7.869560055307583], [68, 14.895522554916028], [40, 9.653166315928587], [12, 2.7115635718900606], [9, 1.867966016190941]]",True,r
A10,g-rel_q118-1,True,"[[1, 1], [1, 2], [2, 2], [2, 2], [2, 3], [3, 3], [3, 1], [1, 2], [2, 2], [2, 1]]","[[0, 0], [62, 12.424005836378775], [87, 16.90677030886461], [47, 9.098083808405377]]",True,r
A10,g-rel_q122-2,False,"[[2, 1], [1, 0], [0, 1], [1, 2], [2, 2], [2, 3], [3, 2], [2, 3], [3, 3]]","[[3, 0.7350737694225971], [53, 11.194811996616265], [45, 9.375203157553777], [82, 16.966948645033064]]",False,i
A10,g-rel_q128-1,True,"[[3, 1], [1, 0], [0, 0], [0, 1], [1, 2], [2, 1], [1, 2], [2, 2], [2, 2]]","[[2, 0.2532683128763913], [34, 7.284479094159069], [17, 2.87037421259911], [1, 0.31357029213267523], [0, 0]]",True,r
A10,g-rel_q134-3,False,"[[2, 1], [1, 2], [2, 3], [3, 3], [3, 1]]","[[0, 0], [22, 5.121234370293596], [82, 18.06289487310612], [45, 9.808670064515255]]",False,t
A11,g-rel_q075-1,False,"[[1, 2], [2, 2], [2, 3], [3, 2], [2, 1], [1, 0]]","[[3, 0.5666896230772203], [20, 3.1228215399361887], [22, 3.73774006710509], [30, 4.774661505076184]]",False,i
A11,g-rel_q076-1,True,"[[2, 1], [1, 0], [0, 1], [1, 2], [2, 2], [2, 3], [3, 4], [4, 3], [3, 2]]","[[1, 0.2771934426914562], [25, 4.386887527812609], [59, 12.00368125742132], [16, 2.5550004282864656], [38, 7.339600286917268]]",True,r
A11,g-rel_q085-2,False,"[[2, 1], [1, 0], [0, 1], [1, 2], [2, 2], [2, 2], [2, 2], [2, 3], [3, 1]]","[[12, 2.892771554267952], [47, 8.268505359282564], [60, 11.052797980265476], [14, 2.6396540432695126]]",False,i
A11,g-rel_q088-1,False,"[[1, 0], [0, 1], [1, 1], [1, 2], [2, 1], [1, 2], [2, 3], [3, 3], [3, 4], [4, 1], [1, 2], [2, 3]]","[[5, 0.7109952897255147], [36, 6.591769889489095], [61, 11.086706212669057], [25, 4.229819435485691], [17, 3.1934534199535847]]",False,t
A11,g-rel_q094-2,False,"[[0, 1], [1, 2], [2, 1], [1, 2], [2, 2], [2, 2], [2, 2], [2, 3], [3, 3], [3, 0], [0, 1], [1, 2], [2, 3], [3, 3], [3, 3]]","[[8, 1.4341187099844648], [83, 15.088374999164444], [100, 18.209692191483562], [45, 8.556506588983009]]",False,t
A11,g-rel_q097-2,False,"[[2, 0], [0, 1], [1, 2], [2, 2], [2, 3], [3, 4], [4, 1], [1, 0], [0, 1], [1, 2], [2, 2], [2, 3], [3, 4], [4, 4]]","[[10, 2.0365193009504505], [42, 8.772698527171187], [51, 10.266949375205847], [25, 4.3381476233264245], [60, 10.254898965141088]]",False,t
A11,g-rel_q103-1,False,"[[3, 1], [1, 0], [0, 1], [1, 2], [2, 3], [3, 0]]","[[8, 1.4228385241077888], [18, 2.6286338835211653], [22, 4.184109897164428], [24, 4.015298546846562]]",False,i
A11,g-rel_q116-1,True,"[[0, 1], [1, 2], [2, 3], [3, 4], [4, 4], [4, 5], [5, 5], [5, 5], [5, 1], [1, 2], [2, 1], [1, 4], [4, 5], [5, 4], [4, 4], [4, 5], [5, 3], [3, 2], [2, 0], [0, 3], [3, 4]]","[[8, 1.5186096397199176], [35, 6.1829106760025025], [40, 6.460117197538683], [20, 3.6759995247188364], [24, 4.266569940165478], [16, 3.1818487689369483]]",True,r
A11,g-rel_q118-1,True,"[[2, 1], [1, 0], [0, 1], [1, 0], [0, 2], [2, 2], [2, 3]]","[[5, 1.1329923517754195], [46, 8.883142162324296], [35, 6.1109268335121065], [37, 7.701937370047798]]",True,r
A11,g-rel_q122-2,False,"[[0, 1], [1, 2], [2, 3], [3, 1]]","[[3, 0.4339308964610862], [35, 5.906281646275896], [42, 7.147806155595125], [21, 4.122343516380319]]",False,i
A11,g-rel_q128-1,True,"[[0, 0], [0, 1], [1, 2], [2, 2], [2, 3], [3, 3], [3, 4]]","[[3, 0.6147416036096964], [47, 9.534521734417064], [29, 5.2192767522156664], [4, 0.5906340897426468], [24, 4.99025537047871]]",True,r
A11,g-rel_q134-3,False,"[[2, 1], [1, 0], [0, 0], [0, 1], [1, 2], [2, 2], [2, 3], [3, 3], [3, 3], [3, 1], [1, 2], [2, 2]]","[[12, 2.3979339664139836], [26, 4.386170672234632], [93, 17.255484622637336], [92, 18.14717866039931]]",False,t
A12,g-rel_q075-1,False,"[[1, 0], [0, 1], [1, 1], [1, 1], [1, 2], [2, 3], [3, 3]]","[[1, 0.21696031174326058], [23, 4.471793092041651], [19, 3.6280585463734187], [13, 2.290136623956643]]",False,i
A12,g-rel_q076-1,True,"[[2, 1], [1, 0], [0, 1], [1, 1], [1, 1], [1, 2], [2, 1], [1, 3], [3, 2], [2, 3], [3, 4], [4, 3], [3, 4], [4, 4]]","[[3, 0.5666250121599409], [13, 2.953683574025223], [13, 2.6161197369937694], [16, 3.038074533283093], [42, 8.728436357527587]]",True,r
A12,g-rel_q085-2,False,"[[1, 0], [0, 1], [1, 2], [2, 3], [3, 3]]","[[1, 0.13268205979291103], [24, 4.921298217773436], [9, 1.881672847972192], [3, 0.4945422228644887]]",False,i
A12,g-rel_q088-1,False,"[[1, 0], [0, 1], [1, 1], [1, 1], [1, 1], [1, 2], [2, 3], [3, 3], [3, 4], [4, 1], [1, 0], [0, 1]]","[[3, 0.5786345719430417], [37, 7.474029887597629], [40, 8.884451656708789], [20, 3.664685622305928], [9, 1.5068608644349943]]",False,t
A12,g-rel_q094-2,False,"[[2, 0], [0, 0], [0, 0], [0, 1], [1, 1], [1, 2], [2, 3], [3, 2], [2, 3], [3, 1], [1, 1], [1, 2]]","[[4, 0.6146055305225193], [55, 11.44853439208615], [71, 15.6423133062398], [18, 4.109421292317226]]",False,t
A12,g-rel_q097-2,False,"[[1, 0], [0, 0], [0, 0], [0, 1], [1, 0], [0, 1], [1, 2], [2, 1], [1, 2], [2, 3], [3, 3], [3, 4], [4, 4]]","[[10, 2.351223893988075], [11, 2.3512238939880747], [26, 5.052116982466679], [19, 4.3166059181934955], [11, 1.8327488814676194]]",False,t
A12,g-rel_q103-1,False,"[[3, 1], [1, 1], [1, 0], [0, 2], [2, 0], [0, 1], [1, 2], [2, 3], [3, 2], [2, 3], [3, 2], [2, 1], [1, 2], [2, 1], [1, 2], [2, 3], [3, 3]]","[[5, 1.012714467710544], [20, 3.725342506220929], [19, 3.749454755452135], [13, 2.784964786203996]]",False,i
A12,g-rel_q116-1,True,"[[1, 0], [0, 1], [1, 1], [1, 2]]","[[1, 0.18094179987424774], [24, 4.378791556956797], [24, 4.559733356831048], [0, 0], [0, 0], [0, 0]]",True,r
A12,g-rel_q118-1,True,"[[1, 0], [0, 1], [1, 1], [1, 2]]","[[1, 0.1688608971004142], [31, 5.415610199863279], [17, 3.919985111259612], [0, 0]]",True,r
A12,g-rel_q122-2,False,"[[3, 1], [1, 0], [0, 0], [0, 1], [1, 1], [1, 2], [2, 3], [3, 3]]","[[4, 0.6629479339328761], [13, 2.9049173105058763], [24, 4.2308131783716245], [13, 2.5915237417376065]]",False,i
A12,g-rel_q128-1,True,"[[1, 0], [0, 1], [1, 1], [1, 2], [2, 1], [1, 2]]","[[1, 0.39796675159633654], [38, 7.730202659795506], [6, 1.5315690137192348], [0, 0], [0, 0]]",True,r
A12,g-rel_q134-3,True,"[[2, 1], [1, 0], [0, 0], [0, 0], [0, 1], [1, 2], [2, 3], [3, 2], [2, 1], [1, 2], [2, 1], [1, 0], [0, 1], [1, 2], [2, 3]]","[[6, 1.0244126684557957], [20, 4.290481293767787], [72, 14.233310134662235], [75, 17.909143827356573]]",False,t
A13,g-rel_q075-1,False,"[[0, 1], [1, 2], [2, 2], [2, 2], [2, 3], [3, 3], [3, 0]]","[[5, 0.7474145368944841], [25, 5.039020587449921], [33, 7.703191759283493], [27, 6.268638051373113]]",False,i
A13,g-rel_q076-1,True,"[[2, 0], [0, 1], [1, 1], [1, 2], [2, 2], [2, 3], [3, 3], [3, 4], [4, 3], [3, 4], [4, 4]]","[[4, 0.7835510346780641], [15, 2.989548563079386], [49, 10.137944925603872], [20, 3.592280128216352], [30, 6.027315651369726]]",True,r
A13,g-rel_q085-2,False,"[[2, 0], [0, 1], [1, 2], [2, 2], [2, 3]]","[[3, 0.518257821370808], [26, 7.40023958887619], [49, 10.557996546995986], [4, 0.8798330455829948]]",False,i
A13,g-rel_q088-1,False,"[[0, 1], [1, 1], [1, 2], [2, 2], [2, 2], [2, 3], [3, 3], [3, 4]]","[[5, 0.9765421060899314], [26, 5.340841395035058], [29, 5.835140485771946], [25, 5.401121771954205], [12, 2.0013085137151663]]",False,t
A13,g-rel_q094-2,False,"[[2, 0], [0, 0], [0, 1], [1, 2], [2, 3]]","[[7, 1.4342089823196356], [34, 7.701340669766787], [52, 12.474002493284235], [15, 3.374609370163853]]",False,t
A13,g-rel_q097-2,False,"[[1, 0], [0, 1], [1, 1], [1, 2], [2, 3], [3, 4]]","[[1, 0.24106730213753869], [17, 3.049501372039867], [33, 6.665510904102945], [22, 4.77313258232326], [25, 5.170893630850205]]",False,t
A13,g-rel_q103-1,False,"[[1, 0], [0, 1], [1, 3], [3, 0], [0, 1], [1, 2], [2, 2], [2, 3], [3, 3]]","[[7, 1.2177390795840886], [19, 3.4844217227703083], [22, 4.557478931512721], [28, 5.124149592309284]]",False,i
A13,g-rel_q116-1,True,"[[0, 0], [0, 1], [1, 1], [1, 1], [1, 2], [2, 1], [1, 2], [2, 2]]","[[5, 0.880064581141492], [31, 6.3653986142836665], [41, 10.85011127434716], [0, 0], [0, 0], [0, 0]]",True,r
A13,g-rel_q118-1,True,"[[2, 0], [0, 0], [0, 1], [1, 1], [1, 1], [1, 1], [1, 2], [2, 3], [3, 3], [3, 3], [3, 2]]","[[6, 0.9882442674350218], [39, 6.8453993158913775], [40, 10.35246128934979], [24, 7.291314412173026]]",True,r
A13,g-rel_q122-2,False,"[[2, 0], [0, 1], [1, 2], [2, 2], [2, 3]]","[[6, 0.9162132195093655], [27, 5.641944562241883], [42, 8.547304903054474], [29, 5.232059700882427]]",False,i
A13,g-rel_q128-1,True,"[[0, 1], [1, 2]]","[[8, 1.2537685911232064], [33, 7.040392857845699], [1, 0.26522027889144795], [0, 0], [0, 0]]",True,r
A13,g-rel_q134-3,True,"[[1, 0], [0, 1], [1, 1], [1, 2], [2, 3]]","[[1, 0.34958503688542497], [12, 3.0618827368585517], [48, 11.75329003321686], [41, 9.450850652350802]]",False,t
B01,g-rel_q075-1,False,"[[2, 1], [1, 2], [2, 1], [1, 2], [2, 3], [3, 3], [3, 1], [1, 0]]","[[2, 0.3615951724090891], [34, 7.376541517145547], [58, 12.716096896386535], [41, 9.292995930913769]]",False,i
B01,g-rel_q076-1,True,"[[2, 1], [1, 1], [1, 2], [2, 1], [1, 2], [2, 3], [3, 3], [3, 3], [3, 4], [4, 4], [4, 4]]","[[0, 0], [22, 3.8443839951840015], [75, 16.016258086518935], [25, 5.905166638370428], [23, 4.061308483940458]]",True,r
B01,g-rel_q085-2,False,"[[1, 1], [1, 1], [1, 2], [2, 1], [1, 2], [2, 3], [3, 3], [3, 0], [0, 1], [1, 0], [0, 1]]","[[6, 1.241653541834708], [35, 6.280597041707591], [59, 11.71735187051781], [6, 0.9523362116984622]]",False,i
B01,g-rel_q088-1,False,"[[2, 1], [1, 2], [2, 1], [1, 1], [1, 2], [2, 2], [2, 3], [3, 3], [3, 4], [4, 2], [2, 1], [1, 0]]","[[2, 0.21690851622302887], [31, 6.663911637296388], [47, 9.206561466355227], [29, 5.10940060436468], [9, 1.8075709685252406]]",False,t
B01,g-rel_q094-2,False,"[[2, 1], [1, 2], [2, 2], [2, 3], [3, 3], [3, 3], [3, 1]]","[[0, 0], [40, 9.400141116399894], [82, 19.06541441813414], [23, 4.278269354258924]]",False,t
B01,g-rel_q097-2,False,"[[1, 2], [2, 1], [1, 1], [1, 2], [2, 1], [1, 2], [2, 3], [3, 2], [2, 3], [3, 3], [3, 3], [3, 4], [4, 4], [4, 4]]","[[0, 0], [21, 3.916270021973953], [48, 9.85695039376829], [48, 10.48355359728411], [32, 6.579333636916253]]",False,t
B01,g-rel_q103-1,False,"[[2, 1], [1, 1], [1, 2], [2, 0], [0, 1], [1, 2], [2, 3], [3, 2], [2, 3]]","[[4, 0.8195714404031165], [24, 4.712535782317912], [36, 6.640939171501714], [31, 5.520054701538637]]",False,i
B01,g-rel_q116-1,True,"[[3, 1], [1, 1], [1, 2], [2, 2], [2, 2], [2, 2], [2, 2], [2, 3], [3, 3], [3, 4], [4, 4], [4, 5], [5, 4], [4, 5], [5, 1], [1, 0], [0, 1], [1, 2]]","[[4, 1.1930309309678933], [30, 7.375100300528802], [36, 7.230490490714496], [30, 7.1822872207763915], [21, 4.639564731541789], [13, 2.916297831254866]]",True,r
B01,g-rel_q118-1,True,"[[2, 1], [1, 2], [2, 2], [2, 2], [2, 3]]","[[0, 0], [59, 12.774944321038566], [44, 9.484793566657892], [20, 3.5070837711530487]]",True,r
B01,g-rel_q122-2,False,"[[1, 2], [2, 3], [3, 3], [3, 1]]","[[0, 0], [37, 7.521132868849886], [60, 12.125416131511207], [28, 4.315008921551691]]",False,i
B01,g-rel_q128-1,True,"[[1, 2], [2, 2], [2, 3], [3, 2], [2, 3], [3, 4]]","[[0, 0], [50, 10.785762551178612], [20, 4.603532172681815], [13, 2.4704819251302936], [30, 6.013514539707391]]",True,r
B01,g-rel_q134-3,False,"[[1, 1], [1, 2], [2, 1], [1, 2], [2, 1], [1, 2], [2, 2], [2, 3], [3, 2], [2, 3], [3, 3], [3, 1]]","[[0, 0], [8, 1.36176977742513], [72, 15.328948291015644], [58, 12.725919335937455]]",False,t
B02,g-rel_q075-1,False,"[[0, 1], [1, 2], [2, 2], [2, 3], [3, 3]]","[[1, 0.3978160819812573], [26, 4.846123180498956], [19, 3.8455554591521537], [13, 2.362786426312919]]",False,i
B02,g-rel_q076-1,False,"[[2, 1], [1, 0], [0, 1], [1, 2], [2, 3], [3, 4], [4, 4], [4, 4], [4, 2], [2, 0], [0, 1]]","[[3, 0.915854989333162], [19, 4.157499622630831], [33, 7.796818132875789], [8, 1.3737824839997472], [44, 9.411615087752683]]",True,r
B02,g-rel_q085-2,False,"[[2, 1], [1, 0], [0, 0], [0, 1], [1, 2], [2, 3], [3, 1]]","[[9, 1.9404376899042437], [19, 3.953189827879456], [39, 9.76245048958035], [17, 3.362621835299901]]",False,i
B02,g-rel_q088-1,True,"[[3, 1], [1, 1], [1, 2], [2, 3], [3, 4], [4, 4]]","[[0, 0], [33, 8.61703604677298], [30, 7.387752582757802], [22, 4.531476298722573], [34, 8.303689281435798]]",False,t
B02,g-rel_q094-2,True,"[[1, 0], [0, 1], [1, 1], [1, 2], [2, 3], [3, 3], [3, 1], [1, 0]]","[[11, 2.7120459553019933], [25, 5.749537425240216], [51, 10.583005994467337], [30, 5.942394026506129]]",False,t
B02,g-rel_q097-2,True,"[[3, 1], [1, 0], [0, 1], [1, 2], [2, 2], [2, 3], [3, 4], [4, 4], [4, 1]]","[[5, 1.1329691020104702], [18, 4.170290524421523], [27, 5.628686921690321], [38, 9.413285836916778], [35, 7.8705194001365655]]",False,t
B02,g-rel_q103-1,False,"[[3, 0], [0, 0], [0, 1], [1, 2], [2, 1], [1, 2], [2, 1], [1, 2], [2, 2], [2, 0], [0, 2], [2, 3], [3, 3]]","[[5, 1.4706573269121166], [22, 4.580735936283641], [24, 5.304010031486319], [54, 11.729094910536801]]",False,i
B02,g-rel_q116-1,False,"[[3, 1], [1, 0], [0, 0], [0, 1], [1, 0], [0, 1], [1, 2], [2, 2], [2, 2], [2, 2], [2, 2], [2, 2], [2, 3], [3, 3], [3, 4], [4, 5], [5, 4], [4, 5], [5, 5], [5, 1], [1, 0], [0, 0], [0, 1], [1, 0]]","[[16, 3.8322027606805067], [23, 4.59141274157003], [32, 7.351080767343095], [16, 3.2296551567999154], [14, 3.3983684858864827], [11, 2.735566121617854]]",True,r
B02,g-rel_q118-1,True,"[[1, 0], [0, 0], [0, 1], [1, 1], [1, 0], [0, 1], [1, 2], [2, 3]]","[[7, 1.470270708031736], [44, 11.207801298930432], [33, 7.423661935635636], [32, 7.797255312266653]]",True,r
B02,g-rel_q122-2,False,"[[2, 1], [1, 0], [0, 0], [0, 1], [1, 2], [2, 2], [2, 3], [3, 2]]","[[5, 1.3980808894445604], [29, 5.917738937217922], [28, 5.48385176463168], [20, 3.9893515035012896]]",False,i
B02,g-rel_q128-1,True,"[[3, 1], [1, 0], [0, 1], [1, 1], [1, 0], [0, 1], [1, 2], [2, 3], [3, 4], [4, 0]]","[[5, 0.9403688578359697], [31, 6.70314211483076], [27, 5.425204949053667], [2, 0.3737363409348113], [7, 1.4226092977518476]]",True,r
B02,g-rel_q134-3,False,"[[1, 0], [0, 0], [0, 1], [1, 0], [0, 1], [1, 0], [0, 1], [1, 2], [2, 3], [3, 2]]","[[8, 1.4580559473847239], [12, 2.2533591914127573], [30, 6.157575116641285], [99, 21.328586998933584]]",False,t
B03,g-rel_q075-1,False,"[[2, 1], [1, 1], [1, 2], [2, 3], [3, 1], [1, 1], [1, 2], [2, 2]]","[[0, 0], [44, 8.99009522117335], [55, 11.159287097595854], [24, 5.1819583714537885]]",False,i
B03,g-rel_q076-1,True,"[[2, 1], [1, 0], [0, 1], [1, 1], [1, 2], [2, 3], [3, 4], [4, 4], [4, 3], [3, 4]]","[[2, 0.3254863055447659], [9, 1.6153764793703205], [30, 5.76231311297771], [16, 3.6767897478205054], [48, 9.631983634454384]]",True,r
B03,g-rel_q085-2,False,"[[1, 2], [2, 2], [2, 3], [3, 0], [0, 0], [0, 1], [1, 1], [1, 1]]","[[8, 2.013350009350006], [18, 2.8572691749458174], [31, 6.4017296704482325], [14, 3.6167964239820556]]",False,i
B03,g-rel_q088-1,False,"[[2, 1], [1, 2], [2, 3], [3, 4], [4, 4], [4, 3], [3, 3], [3, 3], [3, 4], [4, 3], [3, 2]]","[[0, 0], [17, 3.530788638437793], [31, 5.868580433171344], [46, 9.784984213008482], [44, 10.471861183626068]]",False,t
B03,g-rel_q094-2,True,"[[2, 0], [0, 1], [1, 2], [2, 1], [1, 2]]","[[1, 0.20489635637234083], [18, 3.386816243566338], [35, 7.087003385113905], [0, 0]]",False,t
B03,g-rel_q097-2,True,"[[1, 1], [1, 0], [0, 0], [0, 1], [1, 2], [2, 3], [3, 2], [2, 2], [2, 3], [3, 2], [2, 1], [1, 0], [0, 1], [1, 1], [1, 2], [2, 2], [2, 2], [2, 3], [3, 4], [4, 1], [1, 0], [0, 1], [1, 1], [1, 2], [2, 2], [2, 2], [2, 1]]","[[13, 3.0847978628312145], [56, 12.242791518111364], [65, 13.242940825201165], [28, 6.338295608785998], [22, 4.711546735808575]]",False,t
B03,g-rel_q103-1,False,"[[2, 0], [0, 1], [1, 2], [2, 2], [2, 0], [0, 1], [1, 1], [1, 1], [1, 2], [2, 3], [3, 3], [3, 1], [1, 2]]","[[3, 0.6628705845498323], [43, 8.255751825756999], [19, 3.5915533490154568], [27, 5.519904140433157]]",False,i
B03,g-rel_q116-1,True,"[[1, 0], [0, 1], [1, 2], [2, 2], [2, 2], [2, 3], [3, 2], [2, 3], [3, 4], [4, 5], [5, 1], [1, 0], [0, 1], [1, 1], [1, 2], [2, 1], [1, 2]]","[[4, 0.843705315200437], [48, 9.750822857102172], [19, 3.362768327727447], [22, 4.327002973670803], [14, 2.675751142492807], [7, 1.4584049019893186]]",True,r
B03,g-rel_q118-1,True,"[[2, 1], [1, 0], [0, 1], [1, 0], [0, 1], [1, 2], [2, 1], [1, 2]]","[[3, 0.5906804964632171], [43, 8.450347510626834], [23, 4.255310515337052], [0, 0]]",True,r
B03,g-rel_q122-2,False,"[[2, 1], [1, 2], [2, 2], [2, 3], [3, 1], [1, 2], [2, 2]]","[[0, 0], [27, 6.483948785102579], [45, 10.003118014191708], [24, 4.627948575240508]]",False,i
B03,g-rel_q128-1,True,"[[1, 1], [1, 2]]","[[0, 0], [22, 3.968451471976291], [10, 2.5209919685198923], [0, 0], [0, 0]]",True,r
B03,g-rel_q134-3,True,"[[2, 1], [1, 2], [2, 2], [2, 3], [3, 3]]","[[0, 0], [9, 1.5550045701510768], [58, 12.331547870267837], [49, 10.366697134340491]]",False,t
B04,g-rel_q075-1,False,"[[2, 0], [0, 1], [1, 2], [2, 2], [2, 2], [2, 3], [3, 2], [2, 0]]","[[6, 1.1453720724269192], [14, 2.519818559339219], [21, 4.54531864531524], [25, 4.400640067745533]]",False,i
B04,g-rel_q076-1,True,"[[1, 1], [1, 2], [2, 2], [2, 2], [2, 3], [3, 4], [4, 4], [4, 3], [3, 4], [4, 4]]","[[0, 0], [10, 1.7594508056667078], [26, 4.458882178744395], [17, 3.8322284671370728], [50, 10.749521360648668]]",True,r
B04,g-rel_q085-2,False,"[[1, 1], [1, 2], [2, 2], [2, 3]]","[[0, 0], [16, 2.9307206675813005], [26, 5.270472970094766], [9, 1.6281781486562785]]",False,i
B04,g-rel_q088-1,False,"[[1, 1], [1, 2], [2, 2], [2, 3], [3, 4], [4, 3], [3, 3]]","[[0, 0], [17, 3.278980832071312], [19, 3.43569682772178], [25, 4.8823060183414775], [19, 4.400102954801582]]",False,t
B04,g-rel_q094-2,True,"[[2, 0], [0, 1], [1, 2]]","[[4, 0.7717452230332773], [19, 5.4986847141121], [34, 7.994798169860363], [0, 0]]",False,t
B04,g-rel_q097-2,False,"[[3, 0], [0, 0], [0, 1], [1, 2], [2, 2], [2, 3], [3, 2], [2, 3], [3, 3], [3, 4]]","[[5, 1.0004226268792664], [10, 1.77183284519581], [16, 3.9534773688722797], [38, 9.919853276164297], [28, 5.604777367456137]]",False,t
B04,g-rel_q103-1,False,"[[1, 0], [0, 1], [1, 2], [2, 2], [2, 2], [2, 3], [3, 0]]","[[3, 0.5547081121350228], [15, 2.5444219926193394], [8, 1.640006592399196], [28, 4.968255265209329]]",False,i
B04,g-rel_q116-1,True,"[[1, 0], [0, 1], [1, 0], [0, 1], [1, 0], [0, 1], [1, 2], [2, 2], [2, 4]]","[[4, 0.8319468103328216], [21, 4.52145005615664], [31, 7.487521292995414], [0, 0], [1, 0.012057200149751424], [0, 0]]",True,r
B04,g-rel_q118-1,True,"[[2, 1], [1, 0], [0, 1], [1, 2]]","[[4, 0.6267646742619732], [38, 8.015355930465615], [50, 11.317923637153692], [0, 0]]",True,r
B04,g-rel_q122-2,False,"[[2, 0], [0, 1], [1, 2], [2, 2], [2, 3], [3, 1]]","[[10, 1.9282213162536026], [26, 4.651833925461816], [33, 6.8451856727002856], [18, 3.133359638912097]]",False,i
B04,g-rel_q128-1,True,"[[0, 1], [1, 2]]","[[4, 1.2418358089931838], [19, 3.496430918524497], [31, 8.029734454266602], [0, 0], [0, 0]]",True,r
B04,g-rel_q134-3,False,"[[0, 1], [1, 0], [0, 0], [0, 1], [1, 1], [1, 2], [2, 2], [2, 3], [3, 3]]","[[4, 0.6629359505705601], [11, 2.5914768976849167], [75, 18.17649842655281], [31, 6.086957364329706]]",False,t
B05,g-rel_q075-1,False,"[[2, 1], [1, 1], [1, 2], [2, 1], [1, 2], [2, 2], [2, 2], [2, 3], [3, 3], [3, 3], [3, 2], [2, 1], [1, 0], [0, 1], [1, 0], [0, 3], [3, 2], [2, 3], [3, 1]]","[[2, 0.2530845721936146], [34, 6.640457108508613], [34, 6.9055933269971685], [21, 4.507315714305296]]",False,i
B05,g-rel_q076-1,True,"[[2, 1], [1, 2], [2, 2], [2, 1], [1, 2], [2, 3], [3, 3], [3, 4], [4, 4]]","[[0, 0], [18, 3.4951327410921897], [81, 18.259055526740234], [18, 3.892854742664749], [31, 7.08668293711105]]",True,r
B05,g-rel_q085-2,False,"[[1, 0], [0, 1], [1, 2], [2, 3]]","[[2, 0.4099101366354092], [28, 5.76285427387428], [50, 10.730000635456289], [3, 0.5786966634852853]]",False,i
B05,g-rel_q088-1,False,"[[1, 2], [2, 3], [3, 3], [3, 4]]","[[0, 0], [46, 11.184653508663171], [34, 8.954954263940458], [34, 8.545171700045469], [26, 5.134334477037207]]",False,t
B05,g-rel_q094-2,False,"[[1, 2], [2, 2], [2, 1], [1, 2], [2, 3], [3, 3]]","[[0, 0], [37, 7.833807124414137], [86, 22.127492123729773], [50, 10.449093502872365]]",False,t
B05,g-rel_q097-2,False,"[[3, 1], [1, 1], [1, 0], [0, 1], [1, 0], [0, 1], [1, 2], [2, 2], [2, 2], [2, 3], [3, 2], [2, 2], [2, 2], [2, 3], [3, 4]]","[[5, 1.072584298567378], [42, 10.063009992177088], [59, 13.003578181507905], [28, 6.411402773458946], [34, 7.39962650921764]]",False,t
B05,g-rel_q103-1,False,"[[3, 1], [1, 0], [0, 1], [1, 2], [2, 1], [1, 2], [2, 3], [3, 3], [3, 2], [2, 0], [0, 3]]","[[5, 0.7353666355959629], [26, 5.0029041602020365], [7, 1.7238922768888942], [20, 4.074654472646485]]",False,i
B05,g-rel_q116-1,True,"[[1, 2], [2, 3], [3, 3], [3, 4], [4, 4], [4, 4], [4, 5], [5, 5], [5, 5]]","[[0, 0], [22, 4.241705955322573], [64, 14.978524154732861], [21, 4.591164684596311], [28, 6.145653514813976], [15, 4.229655654313127]]",True,r
B05,g-rel_q118-1,True,"[[1, 2], [2, 2], [2, 3], [3, 3], [3, 2], [2, 2]]","[[0, 0], [45, 9.727477413605191], [45, 9.48639990645265], [41, 8.558251503915333]]",True,r
B05,g-rel_q122-2,False,"[[2, 1], [1, 1], [1, 2], [2, 2], [2, 3], [3, 3], [3, 3]]","[[0, 0], [23, 5.161204511298509], [26, 5.2214989565239565], [13, 2.9544278160470494]]",False,i
B05,g-rel_q128-1,True,"[[2, 1], [1, 1], [1, 0], [0, 1], [1, 2], [2, 2], [2, 2]]","[[1, 0.20495771500649917], [75, 16.034927115214337], [11, 2.2063095203640675], [0, 0], [0, 0]]",True,r
B05,g-rel_q134-3,False,"[[1, 0], [0, 1], [1, 2], [2, 1], [1, 2], [2, 1], [1, 2], [2, 3], [3, 3], [3, 3]]","[[3, 0.542246569331291], [30, 5.434515617075828], [72, 15.701050663081595], [85, 17.388039989890068]]",False,t
B06,g-rel_q075-1,True,"[[2, 1], [1, 2], [2, 1], [1, 2], [2, 2], [2, 3]]","[[0, 0], [24, 5.146157492653598], [30, 6.435709838587867], [25, 5.037690472902119]]",False,i
B06,g-rel_q076-1,True,"[[1, 2], [2, 2], [2, 2], [2, 2], [2, 3], [3, 4], [4, 4], [4, 3], [3, 4], [4, 4], [4, 4]]","[[0, 0], [13, 2.3859386148123893], [56, 11.8332915138675], [30, 6.675808043464972], [28, 6.663757848440689]]",True,r
B06,g-rel_q085-2,False,"[[2, 1], [1, 2], [2, 1], [1, 2], [2, 2], [2, 3], [3, 0], [0, 2], [2, 1]]","[[7, 1.7234721321990456], [30, 7.086724571559746], [55, 12.34150673686594], [19, 4.555751510288406]]",False,i
B06,g-rel_q088-1,False,"[[2, 1], [1, 1], [1, 2], [2, 2], [2, 3], [3, 3], [3, 3], [3, 4], [4, 3], [3, 4], [4, 4], [4, 4]]","[[0, 0], [29, 5.736769921830587], [35, 8.219489677916927], [28, 6.640672745648441], [12, 2.3863034548791155]]",False,t
B06,g-rel_q094-2,True,"[[2, 1], [1, 0], [0, 1], [1, 2], [2, 1], [1, 2], [2, 2], [2, 2], [2, 3], [3, 3], [3, 3]]","[[1, 0.2048749715379139], [37, 10.66554998888553], [68, 20.897247096867233], [17, 3.9890362105323547]]",False,t
B06,g-rel_q097-2,False,"[[1, 0], [0, 1], [1, 1], [1, 2], [2, 2], [2, 2], [2, 3], [3, 4], [4, 4], [4, 1]]","[[2, 0.289211954186412], [28, 6.242158011190058], [35, 7.109793873749286], [22, 4.28997732043177], [18, 3.5789979330568507]]",False,t
B06,g-rel_q103-1,False,"[[3, 1], [1, 0], [0, 1], [1, 0], [0, 1], [1, 2], [2, 1], [1, 2], [2, 2], [2, 3], [3, 1], [1, 0]]","[[5, 1.0364115365763846], [27, 5.640006966485455], [31, 6.266674407206068], [55, 13.47334997549305]]",False,i
B06,g-rel_q116-1,True,"[[1, 0], [0, 1], [1, 2], [2, 3], [3, 3], [3, 4], [4, 3], [3, 3], [3, 4], [4, 4], [4, 5], [5, 1], [1, 2]]","[[2, 0.277233733211089], [19, 5.08663632239476], [34, 8.63040665126695], [20, 4.532168855972589], [20, 4.001808670699198], [2, 0.5544674664221816]]",True,r
B06,g-rel_q118-1,True,"[[2, 1], [1, 0], [0, 1], [1, 2], [2, 2], [2, 2], [2, 1], [1, 3]]","[[3, 0.566567680665425], [53, 12.862291814255503], [34, 9.945070990403735], [2, 0.32547505059503123]]",True,r
B06,g-rel_q122-2,False,"[[2, 1], [1, 2], [2, 2], [2, 3], [3, 3], [3, 1]]","[[0, 0], [31, 6.025904171642866], [41, 8.918338174031426], [42, 12.100015576658887]]",False,i
B06,g-rel_q128-1,True,"[[3, 1], [1, 1], [1, 2], [2, 1], [1, 2], [2, 2]]","[[0, 0], [33, 9.623171267805992], [8, 1.603861877967665], [1, 0.3014777966104634], [0, 0]]",True,r
B06,g-rel_q134-3,False,"[[2, 1], [1, 1], [1, 2], [2, 2], [2, 1], [1, 0], [0, 1], [1, 2], [2, 2], [2, 2], [2, 2], [2, 3], [3, 3]]","[[1, 0.10846349169250757], [37, 7.544238422167695], [97, 24.922500091122714], [59, 14.148459916333707]]",False,t
B07,g-rel_q075-1,False,"[[1, 0], [0, 1], [1, 0], [0, 0], [0, 1], [1, 1], [1, 2], [2, 3], [3, 3], [3, 3]]","[[4, 0.6748244234518443], [28, 6.8084964151837895], [29, 7.326665168905743], [35, 8.24249831501896]]",False,i
B07,g-rel_q076-1,True,"[[1, 0], [0, 1], [1, 2], [2, 3], [3, 4], [4, 3], [3, 4], [4, 4], [4, 4]]","[[1, 0.14459596839410893], [20, 5.193405198155079], [57, 14.363199527148158], [27, 6.36222260934079], [50, 13.676368677276137]]",True,r
B07,g-rel_q085-2,False,"[[0, 1], [1, 0], [0, 1], [1, 2], [2, 0], [0, 2], [2, 3]]","[[7, 1.603527878339476], [16, 3.1588293543228727], [28, 5.726885279783836], [4, 0.6510564318070049]]",False,i
B07,g-rel_q088-1,False,"[[3, 1], [1, 0], [0, 0], [0, 1], [1, 2], [2, 1], [1, 2], [2, 3], [3, 4]]","[[5, 1.6388864714197795], [35, 6.808609237883641], [47, 13.074939863900426], [17, 3.8441528263449283], [29, 5.868659643981118]]",False,t
B07,g-rel_q094-2,False,"[[1, 0], [0, 0], [0, 1], [1, 2], [2, 3], [3, 3], [3, 3]]","[[6, 1.2412167385135602], [27, 6.374792763822074], [76, 21.66706500822699], [53, 12.050647946733598]]",False,t
B07,g-rel_q097-2,False,"[[1, 0], [0, 1], [1, 0], [0, 1], [1, 0], [0, 0], [0, 1], [1, 2], [2, 2], [2, 3], [3, 2], [2, 3], [3, 4], [4, 3], [3, 4]]","[[5, 0.8677267209264181], [37, 9.954753770628047], [37, 9.159337609778845], [50, 12.58203745343302], [18, 4.302478324593494]]",False,t
B07,g-rel_q103-1,False,"[[3, 0], [0, 1], [1, 2], [2, 1], [1, 0], [0, 2], [2, 2], [2, 3], [3, 0]]","[[12, 2.7006155330541333], [19, 4.2076554510530935], [19, 4.424669199244942], [21, 3.9906417028612515]]",False,i
B07,g-rel_q116-1,True,"[[1, 0], [0, 1], [1, 2], [2, 1], [1, 2], [2, 3], [3, 2], [2, 2], [2, 3], [3, 4], [4, 5], [5, 5], [5, 5]]","[[2, 0.68687923763429], [20, 4.073073374041931], [85, 22.22114586311633], [24, 6.772388272815284], [19, 5.723993646952408], [23, 5.928852366948618]]",True,r
B07,g-rel_q118-1,True,"[[1, 0], [0, 1], [1, 2], [2, 1], [1, 2], [2, 3], [3, 3], [3, 3]]","[[3, 0.7712409590534575], [41, 8.194435189942988], [32, 6.796560951658584], [39, 8.170333909972562]]",True,r
B07,g-rel_q122-2,False,"[[2, 1], [1, 1], [1, 2], [2, 3], [3, 3]]","[[0, 0], [20, 4.5331008562972634], [31, 6.23301367740874], [32, 7.872645902026903]]",False,i
B07,g-rel_q128-1,True,"[[2, 1], [1, 0], [0, 1], [1, 1], [1, 2], [2, 4]]","[[2, 0.33751474218329913], [41, 10.3424160283311], [16, 3.7367703598865245], [0, 0], [1, 0.0843786855458255]]",True,r
B07,g-rel_q134-3,True,"[[1, 0], [0, 1], [1, 2], [2, 1], [1, 2], [2, 3]]","[[1, 0.2651832357604591], [22, 4.821513377462889], [52, 13.596667724445364], [26, 6.967086830433903]]",False,t
B08,g-rel_q075-1,False,"[[3, 1], [1, 2], [2, 2], [2, 3], [3, 3], [3, 2], [2, 1], [1, 0], [0, 2], [2, 3], [3, 2], [2, 1], [1, 1], [1, 1]]","[[3, 0.43409821764345047], [27, 4.726847258784252], [23, 4.654497555843666], [23, 3.870709107320777]]",False,i
B08,g-rel_q076-1,True,"[[2, 1], [1, 2], [2, 3], [3, 4], [4, 4], [4, 4]]","[[0, 0], [13, 2.0856016210822252], [22, 4.110925738664965], [19, 3.6769277134686646], [31, 6.3050268660462585]]",True,r
B08,g-rel_q085-2,False,"[[1, 0], [0, 1], [1, 2], [2, 3], [3, 3], [3, 3]]","[[3, 0.5306079312085417], [18, 2.8821658081554897], [38, 8.176185849077076], [4, 0.8079711679766408]]",False,i
B08,g-rel_q088-1,False,"[[2, 1], [1, 2], [2, 2], [2, 3], [3, 4], [4, 4]]","[[0, 0], [35, 6.245714750979141], [32, 6.4265752167410835], [19, 3.9186434248421307], [4, 0.9525317863462419]]",False,t
B08,g-rel_q094-2,True,"[[1, 0], [0, 1], [1, 1], [1, 2], [2, 3], [3, 3], [3, 3], [3, 3], [3, 2]]","[[3, 0.7714665278211232], [29, 8.510240135026763], [59, 12.355518609635158], [14, 3.158191098267718]]",False,t
B08,g-rel_q097-2,False,"[[1, 2], [2, 0], [0, 2], [2, 3], [3, 3], [3, 4], [4, 4]]","[[3, 0.5303278592837755], [17, 3.4712368971301677], [27, 5.062220474981486], [28, 5.508177993015575], [33, 5.459966369444327]]",False,t
B08,g-rel_q103-1,False,"[[3, 1], [1, 0], [0, 1], [1, 2], [2, 3], [3, 3]]","[[2, 0.38597640779086895], [13, 2.991317160379235], [10, 1.8936967507239508], [27, 5.391607946328703]]",False,i
B08,g-rel_q116-1,True,"[[1, 1], [1, 2], [2, 3], [3, 4], [4, 5], [5, 5]]","[[0, 0], [23, 5.339805694389462], [23, 4.592473971924121], [8, 2.0250278931318917], [10, 1.6995769817357065], [2, 0.6629555602515111]]",True,r
B08,g-rel_q118-1,True,"[[2, 1], [1, 2], [2, 2]]","[[0, 0], [59, 11.220878440461803], [38, 6.689138060640487], [0, 0]]",True,r
B08,g-rel_q122-2,False,"[[2, 1], [1, 2], [2, 3], [3, 1]]","[[0, 0], [15, 3.4724807394296495], [20, 3.5568813129574552], [22, 4.931404938981695]]",False,i
B08,g-rel_q128-1,True,"[[1, 1], [1, 2]]","[[0, 0], [32, 6.5621197598931005], [13, 2.5331712308410843], [0, 0], [0, 0]]",True,r
B08,g-rel_q134-3,False,"[[2, 1], [1, 2], [2, 2], [2, 3], [3, 3], [3, 3], [3, 3]]","[[0, 0], [12, 2.2903171038142793], [28, 5.641412655710963], [81, 16.683151956205066]]",False,t
B09,g-rel_q075-1,False,"[[1, 1], [1, 0], [0, 1], [1, 2], [2, 2], [2, 3], [3, 3], [3, 1]]","[[2, 0.39765748074582685], [46, 13.387801851776182], [48, 18.5452988747827], [50, 12.869642104137704]]",False,i
B09,g-rel_q076-1,True,"[[2, 1], [1, 0], [0, 1], [1, 2], [2, 2], [2, 3], [3, 2], [2, 3], [3, 1], [1, 4], [4, 3], [3, 3], [3, 3], [3, 4], [4, 3], [3, 4], [4, 4]]","[[1, 0.3253446760852452], [22, 5.759805746990639], [64, 16.206984790172402], [41, 9.95313712764493], [51, 13.41143053640289]]",True,r
B09,g-rel_q085-2,False,"[[2, 2], [2, 1], [1, 0], [0, 1], [1, 1], [1, 1], [1, 1], [1, 2], [2, 2], [2, 3], [3, 2], [2, 3], [3, 3], [3, 1], [1, 0], [0, 1]]","[[8, 1.7114431139771968], [36, 8.521058320999156], [76, 19.75391030851146], [25, 8.545163153590394]]",False,i
B09,g-rel_q088-1,True,"[[2, 1], [1, 1], [1, 0], [0, 1], [1, 1], [1, 2], [2, 2], [2, 3], [3, 3], [3, 2], [2, 3], [3, 3], [3, 3], [3, 4], [4, 3], [3, 4], [4, 4], [4, 1], [1, 2], [2, 1], [1, 2], [2, 2], [2, 1], [1, 0], [0, 4]]","[[6, 2.3134995146903528], [94, 21.76135481005604], [56, 13.676155985278832], [42, 11.748239723036889], [30, 9.266047535400403]]",False,t
B09,g-rel_q094-2,False,"[[2, 1], [1, 1], [1, 2], [2, 3], [3, 1]]","[[0, 0], [41, 12.509469358756734], [83, 23.705323919724954], [23, 6.869361786600521]]",False,t
B09,g-rel_q097-2,True,"[[3, 3], [3, 0], [0, 1], [1, 0], [0, 0], [0, 1], [1, 2], [2, 0], [0, 2], [2, 2], [2, 2], [2, 3], [3, 3], [3, 3], [3, 4], [4, 1], [1, 0], [0, 0], [0, 0], [0, 1], [1, 3]]","[[14, 3.1333034710186785], [43, 10.894255145388044], [37, 10.653231801463507], [34, 8.363510034180623], [46, 15.835233695840586]]",False,t
B09,g-rel_q103-1,False,"[[3, 1], [1, 0], [0, 1], [1, 0], [0, 0], [0, 1], [1, 2], [2, 2], [2, 3], [3, 2], [2, 3], [3, 3], [3, 3]]","[[5, 1.0725869855365238], [27, 6.327058060749155], [22, 4.760357969516027], [45, 10.267911367158627]]",False,i
B09,g-rel_q116-1,True,"[[3, 1], [1, 1], [1, 1], [1, 2], [2, 2], [2, 3], [3, 3], [3, 3], [3, 4], [4, 4], [4, 3], [3, 2], [2, 3], [3, 2], [2, 1], [1, 2], [2, 4], [4, 3], [3, 4], [4, 5], [5, 5], [5, 4], [4, 5], [5, 4], [4, 3], [3, 3], [3, 2], [2, 3], [3, 2], [2, 3], [3, 2], [2, 3], [3, 1], [1, 0]]","[[1, 0.2289671434434979], [40, 11.41220446531577], [48, 12.062953188786766], [45, 10.134808822946765], [28, 8.821260473718176], [25, 6.182112872974649]]",True,r
B09,g-rel_q118-1,True,"[[1, 0], [0, 1], [1, 2], [2, 2], [2, 3], [3, 3], [3, 3], [3, 2]]","[[1, 0.2772209138968933], [49, 12.703949706405458], [39, 9.93174056743653], [6, 0.988352823458488]]",True,r
B09,g-rel_q122-2,False,"[[1, 1], [1, 2], [2, 1], [1, 0], [0, 1], [1, 2], [2, 2], [2, 1], [1, 2], [2, 3], [3, 2], [2, 1]]","[[1, 0.15665543577464902], [110, 27.330348333608423], [69, 17.61771131558007], [42, 12.616787788927724]]",False,i
B09,g-rel_q128-1,True,"[[3, 1], [1, 0], [0, 1], [1, 2], [2, 2], [2, 4], [4, 2], [2, 3], [3, 3]]","[[1, 0.27726181888915225], [64, 15.080631975231725], [20, 4.6893411977339206], [5, 0.8197305949766271], [1, 0.16876806367165997]]",True,r
B09,g-rel_q134-3,False,"[[2, 1], [1, 1], [1, 2], [2, 2], [2, 1], [1, 2], [2, 3], [3, 2], [2, 2], [2, 3], [3, 2], [2, 1], [1, 1]]","[[0, 0], [25, 5.314046517434578], [56, 15.375789923461506], [79, 21.882785659095752]]",False,t
B10,g-rel_q075-1,False,"[[2, 0], [0, 0], [0, 0], [0, 0], [0, 1], [1, 2], [2, 1], [1, 2], [2, 1], [1, 2], [2, 3], [3, 3], [3, 1], [1, 0], [0, 0], [0, 1], [1, 1], [1, 2]]","[[17, 3.567000706866744], [76, 18.726753711050442], [65, 17.196317596955566], [26, 5.109487499025327]]",False,i
B10,g-rel_q076-1,False,"[[2, 1], [1, 0], [0, 1], [1, 1], [1, 2], [2, 1], [1, 2], [2, 3], [3, 3], [3, 3], [3, 4], [4, 2], [2, 1], [1, 0]]","[[7, 1.2892843858943728], [33, 8.205632399944498], [88, 20.59240201395766], [33, 8.0248915981836], [31, 7.482669192900907]]",True,r
B10,g-rel_q085-2,False,"[[2, 0], [0, 0], [0, 1], [1, 0], [0, 1], [1, 2], [2, 3], [3, 2], [2, 2]]","[[9, 1.567560590260865], [21, 3.7380290998528296], [20, 3.593331199213369], [2, 0.2893958012789284]]",False,i
B10,g-rel_q088-1,False,"[[2, 1], [1, 1], [1, 0], [0, 0], [0, 1], [1, 0], [0, 1], [1, 1], [1, 0], [0, 0], [0, 1], [1, 0], [0, 1], [1, 1], [1, 2], [2, 1], [1, 2], [2, 3], [3, 4]]","[[10, 2.1931566976452315], [59, 11.749053737385168], [49, 13.628902335366796], [43, 11.664701556706547], [10, 2.036502647813421]]",False,t
B10,g-rel_q094-2,False,"[[1, 0], [0, 1], [1, 0], [0, 1], [1, 1], [1, 0], [0, 2], [2, 1], [1, 1], [1, 2], [2, 3]]","[[11, 2.012451950273147], [39, 7.2544675093678705], [47, 9.773045099829474], [14, 2.2655147703673713]]",False,t
B10,g-rel_q097-2,False,"[[2, 1], [1, 1], [1, 0], [0, 1], [1, 0], [0, 1], [1, 2], [2, 3], [3, 4]]","[[3, 0.6266724379721422], [36, 7.773148509462158], [27, 7.122373285414164], [21, 4.2782445284636665], [16, 2.8561801499884147]]",False,t
B10,g-rel_q103-1,False,"[[2, 1], [1, 0], [0, 1], [1, 1], [1, 0], [0, 1], [1, 1], [1, 2], [2, 2], [2, 3], [3, 3]]","[[6, 1.060727716788002], [26, 4.72505982932837], [13, 2.579496947643546], [14, 2.2781538462833257]]",False,i
B10,g-rel_q116-1,True,"[[3, 1], [1, 0], [0, 1], [1, 1], [1, 1], [1, 2], [2, 3], [3, 2], [2, 1], [1, 0], [0, 1], [1, 3], [3, 4], [4, 3], [3, 4], [4, 4]]","[[2, 0.48202909381184167], [37, 8.821132416756729], [48, 10.194915334120507], [14, 3.229594928539346], [12, 2.5547541972027723], [0, 0]]",True,r
B10,g-rel_q118-1,True,"[[2, 1], [1, 1], [1, 1], [1, 1], [1, 2], [2, 2], [2, 3]]","[[0, 0], [55, 10.762969405310495], [59, 12.88422653334482], [26, 5.532142169134964]]",True,r
B10,g-rel_q122-2,False,"[[0, 0], [0, 1], [1, 1], [1, 2], [2, 2], [2, 2], [2, 3], [3, 2], [2, 3], [3, 1], [1, 0], [0, 1], [1, 1]]","[[6, 1.2412283658368988], [53, 13.677613545872566], [68, 15.617786040044777], [44, 9.604456384194194]]",False,i
B10,g-rel_q128-1,True,"[[1, 0], [0, 1], [1, 1], [1, 2], [2, 3]]","[[1, 0.20493121523315017], [55, 12.741899676555272], [8, 1.6756140539651696], [10, 2.0372573749648346], [0, 0]]",True,r
B10,g-rel_q134-3,False,"[[2, 1], [1, 1], [1, 0], [0, 1], [1, 0], [0, 1], [1, 2], [2, 1], [1, 2], [2, 2], [2, 3], [3, 3], [3, 3]]","[[5, 0.8317131938922278], [17, 2.856754013803741], [50, 10.414495645259214], [57, 12.102029661852118]]",False,t
B11,g-rel_q075-1,False,"[[2, 1], [1, 2], [2, 2], [2, 2], [2, 3]]","[[0, 0], [34, 7.882012507407511], [52, 12.401515091930175], [41, 8.930537107016754]]",False,i
B11,g-rel_q076-1,True,"[[2, 1], [1, 2], [2, 1], [1, 2], [2, 3], [3, 3], [3, 4], [4, 3], [3, 4]]","[[0, 0], [17, 3.6405471656992328], [31, 5.738080963155079], [6, 1.5068489924251764], [42, 9.246025417520897]]",True,r
B11,g-rel_q085-2,False,"[[2, 1], [1, 2], [2, 2], [2, 3]]","[[0, 0], [34, 6.800937166683006], [27, 5.39010445657324], [7, 1.121431128548803]]",False,i
B11,g-rel_q088-1,False,"[[2, 1], [1, 2], [2, 2], [2, 2], [2, 3], [3, 4]]","[[0, 0], [36, 8.675940538845884], [57, 12.49576435942108], [31, 7.68784731081066], [23, 4.313870434592815]]",False,t
B11,g-rel_q094-2,True,"[[1, 0], [0, 1], [1, 1], [1, 2], [2, 2], [2, 3], [3, 3]]","[[4, 0.7713080169474633], [73, 15.8238660351878], [62, 13.112236288106878], [26, 4.724261603803214]]",False,t
B11,g-rel_q097-2,False,"[[3, 1], [1, 2], [2, 2], [2, 2], [2, 2], [2, 3], [3, 4], [4, 4], [4, 3], [3, 4]]","[[0, 0], [35, 7.242952147818408], [49, 10.038900397891393], [33, 7.2067976445847215], [32, 6.170368551885225]]",False,t
B11,g-rel_q103-1,False,"[[3, 2], [2, 1], [1, 0], [0, 1], [1, 2], [2, 2], [2, 2], [2, 3]]","[[1, 0.1687698660864947], [35, 8.583153189541717], [30, 6.401199920852026], [26, 4.858161145204079]]",False,i
B11,g-rel_q116-1,False,"[[2, 1], [1, 2], [2, 2], [2, 3], [3, 3], [3, 4], [4, 5], [5, 5], [5, 5]]","[[0, 0], [49, 10.556470408966648], [35, 6.688174745406961], [18, 3.350112755356996], [9, 1.5786502552221826], [14, 2.554762245092391]]",True,r
B11,g-rel_q118-1,True,"[[1, 2], [2, 2], [2, 3]]","[[0, 0], [55, 11.110692059640563], [39, 7.965474459243392], [12, 2.0968117335981162]]",True,r
B11,g-rel_q122-2,False,"[[2, 1], [1, 2], [2, 2], [2, 2], [2, 3]]","[[0, 0], [42, 9.159616580236033], [62, 12.799358958171924], [44, 9.00293892820568]]",False,i
B11,g-rel_q128-1,True,"[[1, 2]]","[[0, 0], [49, 11.111713594788077], [25, 5.4112357961603585], [0, 0], [0, 0]]",True,r
B11,g-rel_q134-3,True,"[[1, 2], [2, 1], [1, 2]]","[[0, 0], [24, 5.7267737612166005], [53, 12.574789543050358], [0, 0]]",False,t
B12,g-rel_q075-1,False,"[[2, 1], [1, 2], [2, 1], [1, 2], [2, 2], [2, 3]]","[[0, 0], [3, 0.7956477551573087], [35, 6.3892925792935396], [2, 0.4942660297189363]]",False,i
B12,g-rel_q076-1,False,"[[1, 2], [2, 1], [1, 1], [1, 2], [2, 2], [2, 3], [3, 4], [4, 1]]","[[0, 0], [33, 7.796969747763375], [45, 8.905657872638546], [30, 6.338803844394953], [25, 4.675771657082208]]",True,r
B12,g-rel_q085-2,False,"[[2, 1], [1, 1], [1, 2], [2, 3], [3, 3], [3, 0], [0, 1]]","[[6, 1.3261773490280717], [31, 5.883404966597254], [46, 7.945007936449984], [2, 0.6389763590771622]]",False,i
B12,g-rel_q088-1,False,"[[1, 1], [1, 2], [2, 1], [1, 2], [2, 2], [2, 3], [3, 4], [4, 3]]","[[0, 0], [24, 4.411891150681269], [50, 10.041271389392065], [26, 4.532434624743605], [10, 1.9769129746222163]]",False,t
B12,g-rel_q094-2,False,"[[2, 1], [1, 1], [1, 2], [2, 2], [2, 1], [1, 2], [2, 2], [2, 2]]","[[0, 0], [31, 6.930531876710447], [53, 9.485788846906273], [0, 0]]",False,t
B12,g-rel_q097-2,False,"[[2, 2], [2, 1], [1, 1], [1, 2], [2, 2], [2, 2], [2, 3], [3, 3], [3, 3], [3, 4], [4, 4]]","[[0, 0], [31, 7.122242842987701], [40, 6.929424085817151], [22, 5.085594720373621], [24, 4.12150093452081]]",False,t
B12,g-rel_q103-1,False,"[[1, 0], [0, 1], [1, 1], [1, 1], [1, 2], [2, 3], [3, 3]]","[[5, 0.8679653253284896], [28, 5.268067321785414], [27, 5.0028556946017115], [34, 6.5579602358152655]]",False,i
B12,g-rel_q116-1,True,"[[1, 2], [2, 2], [2, 2], [2, 2], [2, 3], [3, 4], [4, 5]]","[[0, 0], [34, 6.69987167366199], [69, 14.15890146862023], [26, 4.470597825411151], [17, 3.012532227366009], [4, 0.6507069611110623]]",True,r
B12,g-rel_q118-1,True,"[[2, 1], [1, 0], [0, 1], [1, 2], [2, 2]]","[[1, 0.18077787781312704], [66, 12.485725427626639], [19, 3.531194546616436], [0, 0]]",True,r
B12,g-rel_q122-2,False,"[[2, 1], [1, 2], [2, 1], [1, 2], [2, 2], [2, 2], [2, 3]]","[[0, 0], [28, 4.338725455721521], [31, 5.712655183366665], [26, 4.664129864900616]]",False,i
B12,g-rel_q128-1,True,"[[2, 1], [1, 2]]","[[0, 0], [47, 10.474181175231934], [15, 2.9771262949163253], [0, 0], [0, 0]]",True,r
B12,g-rel_q134-3,False,"[[2, 1], [1, 1], [1, 1], [1, 2], [2, 1], [1, 1], [1, 2], [2, 3], [3, 3], [3, 3]]","[[0, 0], [37, 8.05003383073845], [67, 13.689877891794726], [80, 17.052092620501416]]",False,t
B13,g-rel_q075-1,False,"[[2, 1], [1, 0], [0, 1], [1, 1], [1, 0], [0, 1], [1, 2], [2, 1], [1, 2], [2, 3]]","[[5, 0.8676649261923397], [27, 5.085480539627325], [38, 10.110706570491285], [37, 7.3751518726348735]]",False,i
B13,g-rel_q076-1,True,"[[2, 1], [1, 2], [2, 3], [3, 4], [4, 4]]","[[0, 0], [8, 1.5186425459176132], [33, 6.8459441752476495], [26, 5.146510850054135], [35, 7.2195784524178634]]",True,r
B13,g-rel_q085-2,False,"[[2, 1], [1, 0], [0, 1], [1, 2], [2, 3], [3, 2], [2, 1], [1, 1], [1, 2], [2, 2], [2, 3], [3, 0], [0, 0]]","[[6, 1.2180921131548115], [16, 2.689450903302212], [24, 4.896489088523312], [11, 2.41206359040557]]",False,i
B13,g-rel_q088-1,False,"[[1, 0], [0, 1], [1, 2], [2, 3], [3, 2], [2, 3], [3, 4], [4, 3], [3, 2], [2, 1], [1, 2], [2, 0]]","[[7, 1.4223131109064964], [24, 4.869614379713759], [60, 12.921353007557308], [26, 4.893721381593535], [23, 4.2428323308397164]]",False,t
B13,g-rel_q094-2,True,"[[2, 0], [0, 0], [0, 1], [1, 2], [2, 3], [3, 2], [2, 2]]","[[4, 0.7230130787734148], [28, 5.350296782923268], [89, 21.44938800361133], [32, 6.977076210163439]]",False,t
B13,g-rel_q097-2,False,"[[3, 0], [0, 1], [1, 0], [0, 0], [0, 1], [1, 2], [2, 3], [3, 4], [4, 3], [3, 2], [2, 1], [1, 2], [2, 3], [3, 4], [4, 1], [1, 0], [0, 1], [1, 1], [1, 2], [2, 3]]","[[11, 2.4344488005756055], [50, 9.786002109244532], [58, 12.027623282051753], [35, 7.255139494784732], [34, 6.809225605570392]]",False,t
B13,g-rel_q103-1,False,"[[3, 0], [0, 0], [0, 1], [1, 0], [0, 0], [0, 1], [1, 1], [1, 2], [2, 2], [2, 3], [3, 1]]","[[5, 1.0725273549375092], [24, 4.531126802882061], [28, 4.85650027011029], [44, 9.134558820703713]]",False,i
B13,g-rel_q116-1,True,"[[0, 0], [0, 0], [0, 1], [1, 2], [2, 3], [3, 4], [4, 5], [5, 0], [0, 0], [0, 1], [1, 2]]","[[8, 1.9885465361604568], [34, 7.472114257087804], [42, 7.616735823354014], [35, 7.339544488010425], [17, 3.8927304919989574], [21, 4.97739223899557]]",True,r
B13,g-rel_q118-1,True,"[[1, 0], [0, 0], [0, 1], [1, 1], [1, 2]]","[[3, 0.6025998277978584], [49, 9.436713303314464], [30, 6.17062223665007], [0, 0]]",True,r
B13,g-rel_q122-2,False,"[[1, 1], [1, 0], [0, 1], [1, 2], [2, 3], [3, 1], [1, 2], [2, 3]]","[[4, 0.6871609789418082], [24, 4.376130444839941], [24, 4.67751683911266], [40, 7.570826224130795]]",False,i
B13,g-rel_q128-1,True,"[[1, 0], [0, 1], [1, 0], [0, 1], [1, 2]]","[[7, 1.5674385800645418], [23, 5.871866065318707], [14, 2.8455038838094726], [0, 0], [0, 0]]",True,r
B13,g-rel_q134-3,False,"[[0, 1], [1, 2], [2, 3], [3, 2], [2, 3], [3, 3]]","[[3, 1.0002700246695102], [17, 4.338520588927998], [57, 12.907098752060778], [84, 19.607702772738445]]",False,t
